custid,first_name,last_name,phone,city,pan_id,dob,aadhaar_id,occupation,email,voter_id,passport_id,driving_licence_id,nrega_id,date,agent_id,agent_first_name,agent_last_name
C00701,Bob,Ogilvy,8284129713,Oklahoma City,JYKTE7834I,16-02-1993,241068542203,Cytogeneticist,scottlori@example.com,,W7738299,FY78862613336,WT-51-628-354-559/229,12-09-2018,AG000033,Katrina,Schultz
C00702,Rick,Randall,9686646477,Seattle,JVIIV2399X,20-07-1970,074590013090,Speech and language therapist,frankali@example.com,KXI0139740,I1112055,HX13993956336,,02-10-2019,AG000193,Kyle,Mcmillan
C00703,Hannah,Haines,9478349313,Norfolk,UQCOX8160Y,21-06-1998,162568635185,"Surveyor, building control",charles36@example.net,BKB4427882,,,,19-10-2020,AG000166,Heather,Taylor
C00704,Rocco,Plant,9126244234,Berna,LZQBF9723Z,10-08-1963,646090131960,Mechanical engineer,kellyolsen@example.org,,P1753709,,LX-98-304-147-827/554,22-04-2020,AG000052,Brandon,Johnson
C00705,Alexander,Newton,8797723471,Anaheim,JLWPX8244N,18-06-1953,901726784378,Retail banker,williamsallison@example.org,LVW2507836,V8753358,,YE-66-854-084-725/706,10-04-2019,AG000182,Christopher,Suarez
C00706,Vanessa,Harrison,9382947437,Hollywood,WUVNQ3810B,11-10-1979,153216927749,"Designer, ceramics/pottery",jonestravis@example.org,JVQ2241417,,,UF-76-501-535-395/713,22-01-2020,AG000039,Nancy,Young
C00707,Bernadette,York,6569944752,Atlanta,AJTXY6740T,10-08-1942,318586849445,Higher education careers adviser,colleenreyes@example.com,,A1034926,,,15-02-2020,AG000020,Allison,Wang
C00708,Daron,Benson,6755833455,Rome,JJULQ6408J,09-02-2004,381060007974,Ophthalmologist,adrian74@example.com,NFP6157157,,,,22-08-2019,AG000037,Sonya,Garcia
C00709,Sabrina,Morris,6938824413,Kansas City,BSQEL8307Z,25-02-1969,918592945832,Charity officer,nathaniel71@example.org,,,HW79393395677,,09-06-2019,AG000067,Mark,Coleman
C00710,Keira,Duvall,7346728716,Murfreesboro,HPFSF0868T,10-08-1972,729325073172,Advertising account executive,michaelmorales@example.com,EFT5104500,,PO61135600304,,15-08-2019,AG000014,Grace,Christensen
C00711,Noemi,Fleming,9194179356,Saint Paul,XAOOE7998B,30-06-1959,083826598865,Conference centre manager,sandrabuchanan@example.com,,,BU55919417078,HF-97-596-215-784/615,04-01-2019,AG000194,Mark,Johnson
C00712,Carl,Abbot,7655585315,Arlington,DSLPK5845U,29-09-1956,005405120534,Press sub,ronaldbest@example.org,VIA7237163,B4127251,LV40125659577,,15-10-2020,AG000010,Danielle,Wilkins
C00713,Maxwell,Gilmore,7353544225,Salem,BDZLZ2265T,13-11-1946,196812872841,"Scientist, research (life sciences)",austinhoffman@example.net,,W3468501,HJ75235780421,LZ-77-240-064-233/304,13-01-2019,AG000038,Frank,Lewis
C00714,Analise,Chappell,9831232492,Phoenix,LEFUK5726N,14-08-1950,308229626093,Records manager,jesus94@example.com,SYD5663478,K2254134,GH70847493887,EW-36-087-967-445/125,17-04-2018,AG000161,Sandra,Murray
C00715,Aiden,Addley,6863344275,Fort Lauderdale,KMTEA3475Z,18-01-1954,013563666193,Chemical engineer,bethhill@example.net,,,CG05510471040,,03-08-2020,AG000053,Heather,Boone
C00716,Sabrina,Fleming,9248773287,Huntsville,HMGXI0358L,26-02-1950,995195891214,Occupational psychologist,nguyencharles@example.com,,I2760361,VP51242049928,,11-03-2020,AG000158,Lori,Alvarez
C00717,Natalie,Amstead,6464646333,Rochester,MHGVR9341J,19-04-1947,401824969582,"Therapist, sports",steven71@example.org,,,DN22350617289,IE-50-831-542-465/605,03-12-2018,AG000028,Kyle,Underwood
C00718,Gabriel,Farrant,9665875734,London,PIJQH4821L,18-05-1960,443283423674,Armed forces training and education officer,qlee@example.com,MYI8761172,,JF38636089743,,17-06-2018,AG000026,William,Carroll
C00719,Matthew,Rees,8795248396,Jersey City,KYRLH2723R,03-07-2002,525192543091,Midwife,nrobinson@example.org,SXV4003097,,GW06809998009,MK-01-946-443-521/264,18-03-2019,AG000023,Joseph,Dean
C00720,David,Mcgee,8365582828,Hollywood,WMEVO3448K,30-08-1949,915535866168,"Accountant, chartered",qgolden@example.net,,K8390674,YP69036298558,GC-74-051-789-851/836,14-11-2020,AG000027,Abigail,Cabrera
C00721,Elena,Bennett,9948852834,Tulsa,GRFBZ2787C,30-04-1948,964611247337,Midwife,kimmcpherson@example.org,FMI0510942,G0025454,BM27779911085,,10-11-2019,AG000024,Eric,Arnold
C00722,Remy,Mackenzie,6727659622,Boston,FMOYL2434P,31-10-1987,954854411585,Armed forces operational officer,brownkenneth@example.com,VTS5586773,,,,07-01-2020,AG000016,Robert,Burns
C00723,Rocco,Jarvis,7276282697,Reno,WLROQ2238I,11-09-2002,284717093734,Product manager,hunterkathy@example.net,FFU5248153,,EN27312061559,,05-02-2019,AG000090,Jacob,Griffith
C00724,Helen,Swan,7884836544,Zurich,AGPUR7378B,27-08-1988,735449509689,"Accountant, chartered certified",leonardrhonda@example.net,,,TN18654914620,AM-55-193-468-383/897,28-01-2021,AG000140,Michelle,Sherman
C00725,Johnathan,Oliver,7387232321,Portland,BDLQF3758L,16-05-1996,658488709036,"Designer, ceramics/pottery",stanleywashington@example.com,KCJ8845718,,,,06-12-2018,AG000085,Christopher,Edwards
C00726,Martin,Tait,8423931843,Tallahassee,EBSMW1152J,01-03-1961,799564171021,"Engineer, agricultural",carolinesimpson@example.net,,,,,10-09-2018,AG000047,Jennifer,Weeks
C00727,Elle,Thompson,9858488248,San Antonio,PTNFB6343C,27-08-2001,572077344425,English as a second language teacher,justindalton@example.net,MBP2164651,U9340521,,RX-70-758-173-470/132,27-03-2020,AG000103,Marie,Andrews
C00728,Marvin,Glass,8324836796,Los Angeles,FSARN2511Y,14-10-1966,475289438852,Civil Service fast streamer,brittany26@example.com,VPF8522711,K7298998,UD61687584421,PQ-43-875-583-273/814,20-10-2020,AG000142,Lucas,Short
C00729,Chelsea,Doherty,6483452282,Fayetteville,UKTWN9712S,19-05-2004,731288235198,"Engineer, electronics",michael43@example.net,MSD9083457,O6591299,,,18-06-2020,AG000006,Roger,Fernandez
C00730,Leilani,Cassidy,9456298254,Toledo,INMFX5756E,29-03-1965,988522836461,"Producer, radio",timothybrown@example.org,VXT8237887,,,,17-11-2020,AG000030,Jerome,Daniel
C00731,Bryon,Pearce,7752576524,Milano,KCOFX6190H,01-02-1981,530193958104,Energy manager,russoheather@example.com,,L2534587,HX71272723415,,09-12-2020,AG000075,Lauren,Walker
C00732,Caleb,Watson,6568255622,Glendale,EKKEG6332L,24-10-1957,522164377686,Farm manager,elizabethperez@example.org,,Q1152590,,AO-24-626-431-981/963,12-07-2019,AG000199,Melinda,Haley
C00733,Cedrick,Buckley,7864224627,Berlin,CKVPJ1134L,22-07-1989,255790926401,Video editor,john10@example.net,,,JK86504747550,EQ-09-620-261-187/236,07-01-2019,AG000099,Chris,Ortega
C00734,Chester,Gibson,7238252463,Lancaster,BLLAT3298O,24-03-1944,942273930125,Architectural technologist,nadams@example.com,VUD6240262,H3328479,DB04202115982,,06-09-2020,AG000198,Ryan,Baker
C00735,Jade,Bradley,6648782973,Norfolk,ICBEP6415E,06-02-1990,538707982167,Industrial/product designer,caitlynjohnson@example.net,ILU9623358,,FB68192311463,RW-08-087-206-421/457,15-02-2021,AG000175,Mary,Simmons
C00736,Abbey,Snow,7896853314,Atlanta,QBCNF4300Z,22-05-1957,471014278253,Jewellery designer,campbelljames@example.org,MPL6833875,P4623652,,UP-10-371-484-139/806,03-12-2020,AG000188,Maurice,Mathis
C00737,Danielle,Harrison,6661387734,Moreno Valley,DRPTK0251C,24-05-2001,074197543203,Geophysical data processor,onguyen@example.net,,,QY13824281689,PG-02-280-270-314/862,16-12-2018,AG000106,Christine,Oconnor
C00738,Peyton,Addison,7581689255,Fremont,RKOOG4287S,16-10-2003,817052898503,"Scientist, research (physical sciences)",alex17@example.com,,,ZU10495394260,QF-11-941-585-134/204,29-12-2019,AG000180,Andrew,Baker
C00739,Danielle,Reid,9924544987,Jersey City,QXDNP4619V,02-11-1952,218981768457,"Surveyor, rural practice",privera@example.org,,,,WR-09-762-894-092/219,30-08-2020,AG000017,James,Scott
C00740,Chad,Baker,8317488236,Indianapolis,TZWFY3469N,09-12-1980,614776692571,Land,lharrington@example.com,RUG6170029,,BZ27119374598,,05-08-2019,AG000047,Jennifer,Weeks
C00741,Miriam,Becker,7828993438,Toledo,EWYIJ7619C,15-04-1987,335809111156,Charity officer,karen60@example.com,,R8329216,KW13975916128,EN-53-612-896-108/881,13-12-2019,AG000189,Brooke,Ruiz
C00742,Marilyn,Stone ,6682534935,San Francisco,YYBYI9003P,19-09-1946,238922828780,"Engineer, technical sales",dprice@example.com,,,,ZU-81-121-154-603/205,16-01-2021,AG000072,Joshua,Jacobs
C00743,Brad,Thomas,6322738217,New York,ODRPQ4008Q,03-12-1950,236205939939,"Research officer, trade union",brandynavarro@example.com,,Z1959786,LN91764044646,GW-24-776-966-667/030,06-10-2019,AG000197,Brian,Miller
C00744,Ronald,Larkin,9729323857,Milwaukee,OANVC1050W,31-01-1947,429690506175,"Engineer, manufacturing systems",catherine97@example.com,UTX7405937,,YA83161996561,KD-68-231-004-583/132,15-05-2018,AG000057,Beth,Cobb
C00745,Tyler,Kennedy,9746523233,Tokyo,KCBGX5025Y,28-01-1955,031615873196,Information systems manager,patricia82@example.com,ULP4996394,H2554660,,,23-09-2020,AG000108,Dominique,Silva
C00746,Chad,Fox,8445266588,Boston,TTABW0363U,22-08-1947,589033211411,Manufacturing engineer,charles00@example.org,,,,,24-11-2018,AG000147,Christopher,Harris
C00747,Emmanuelle,Gilbert,7489444475,Houston,CIKFW2731N,09-07-1945,879181160257,"Engineer, site",roserobin@example.net,QRP8829234,O8761331,MJ19621844250,,18-02-2020,AG000048,Dana,Davis
C00748,Leah,Walsh,6436233785,Prague,LQESP1798D,28-06-2001,924781138669,Estate agent,jeffrey77@example.com,,G3171224,SY88470884792,IY-27-709-986-864/126,06-02-2020,AG000157,Roy,Nelson
C00749,Chester,Patel,7594847349,Otawa,WRSYS4874A,29-11-1986,676282273991,"Administrator, local government",cmorales@example.org,BDN5760425,S9730415,,,09-05-2020,AG000117,Aaron,Mitchell
C00750,Marvin,Doherty,7945355446,Saint Paul,HSPLJ3092I,06-07-2003,800335318172,Drilling engineer,qholland@example.com,,,BS70638689543,XA-66-397-505-565/950,01-07-2020,AG000094,Alan,Bishop
C00751,Clarissa,Thorne,8577729345,Colorado Springs,PWEDC0928P,03-11-2004,306274727161,"Exhibitions officer, museum/gallery",david04@example.org,,,,,06-07-2018,AG000143,John,Bartlett
C00752,Liliana,Hepburn,9356758527,Reno,BKLLP7894C,06-07-1975,746106243805,Acupuncturist,kgarcia@example.org,,,,,26-05-2019,AG000143,John,Bartlett
C00753,Rae,Nobbs,7744727547,Milwaukee,TDWAI2140P,10-03-1970,104739645215,Applications developer,asnow@example.net,,X6525339,,,19-11-2019,AG000188,Maurice,Mathis
C00754,Renee,Barrett,9632886191,Long Beach,VAXTC8994L,27-08-2000,282808378456,"Scientist, forensic",levinejason@example.net,JSX8062356,,CK44844992610,,25-10-2019,AG000022,Charles,Lucas
C00755,Chester,Haines,9455764414,Reno,YHKTQ6521D,16-03-1946,547244271620,Chiropractor,ztanner@example.org,GER3274259,,YK33449735232,,02-08-2018,AG000080,Christopher,Rodriguez
C00756,Logan,Ring,8421797933,Lakewood,RPPEI5881U,30-01-1999,669207577871,"Nurse, mental health",omar80@example.org,MAG9668895,,PL77559576628,,26-10-2020,AG000193,Kyle,Mcmillan
C00757,Carl,Olson,6737842733,Washington,MZCGE5835J,04-08-1953,325408715579,Veterinary surgeon,dakota60@example.org,,,,,24-02-2021,AG000106,Christine,Oconnor
C00758,Roger,Tennant,7833545542,Fullerton,KBPZI0492T,28-05-1963,148975012526,Physiotherapist,xgraham@example.org,,,,UU-43-826-663-695/850,24-02-2021,AG000093,Emily,Coleman
C00759,Marvin,Potter,6666113277,Atlanta,BPDXG3474Z,19-04-1948,513770267211,"Scientist, research (physical sciences)",jeffrey93@example.com,,L1461641,,,14-09-2018,AG000196,Autumn,Jones
C00760,Julia,Gibbons,7444635668,Jacksonville,NYGSY9991D,26-11-1998,453985675548,Site engineer,fhogan@example.net,QTO3781718,W1485380,DH29084703894,,22-12-2020,AG000139,Cheryl,Morales
C00761,Peter,Tutton,8772322426,Venice,BZDOK8823T,24-03-1945,902020608291,Immunologist,steven49@example.net,,,NH98059830054,,11-06-2018,AG000154,Gregg,Martinez
C00762,Melinda,Murray,8277445554,Houston,YRVVI8108H,02-04-1960,210009577976,Arts development officer,freyraymond@example.org,,,,QM-23-108-523-174/794,24-03-2019,AG000170,Jared,Clark
C00763,Maria,Tanner,8222576278,Bridgeport,UJQNY4478W,01-11-1993,588938846444,Corporate treasurer,xbuck@example.com,,D1533622,,,03-02-2020,AG000094,Alan,Bishop
C00764,Doris,Townend,7855632466,Pittsburgh,MVTBD6699H,14-08-1998,504733098888,Technical brewer,jimmybernard@example.net,,,,NL-37-597-448-186/214,24-01-2021,AG000114,Kristen,Lang
C00765,Hayden,Farmer,6673978649,Albuquerque,MDVFA4772E,07-05-1986,199307016459,"Scientist, product/process development",robinsonrobert@example.org,WQW4169595,,SN58705343289,QZ-35-453-841-577/562,30-10-2019,AG000155,Sandra,Hale
C00766,Alexander,Jefferson,8824865745,Jacksonville,FMSYN7467G,05-02-1988,842447378529,Quarry manager,brookerice@example.net,,,,,09-01-2021,AG000042,Danny,Gomez
C00767,Alexia,Addis,7642618734,Omaha,QPHIG4281S,03-09-1948,804719715696,"Geologist, wellsite",crystalrobinson@example.org,,N9390554,SF65203133478,,08-12-2019,AG000162,Amy,Oconnor
C00768,Oliver,Myatt,8648792818,Glendale,OGHHP6896O,30-09-1997,907415003796,Stage manager,econway@example.com,,T1652511,BV71477480569,HL-95-932-741-116/370,26-04-2018,AG000104,Thomas,Tate
C00769,Tom,Morrison,6856246767,Milano,JPBAG8103X,05-06-1989,836886590013,Contractor,williamhunter@example.net,LLI4198229,,,,16-12-2019,AG000054,Karen,Allen
C00770,Bree,Rose,7254553288,Jersey City,CDZFK5705A,25-08-1956,143296244447,Chiropractor,davislisa@example.org,TBW4744263,D5704895,,,16-04-2020,AG000134,Crystal,Griffin
C00771,Belinda,Marshall,8578458126,Huntsville,PNQAA6462J,31-10-1985,845595262708,"Producer, radio",sandra35@example.org,,,,BX-52-872-931-641/946,29-07-2020,AG000034,Mary,Hill
C00772,Ryan,Thomson,6343276382,Bucharest,PEXFH4287L,02-03-1984,035353432600,"Engineer, technical sales",lindseythompson@example.com,,T5093209,,OI-41-201-519-304/437,09-04-2020,AG000091,Brooke,Lyons
C00773,Aurelia,Owen,6795523719,San Bernardino,RBCYZ1516F,06-09-1958,918290292560,Automotive engineer,phamilton@example.org,ITF2876955,P4273051,,UY-85-887-307-866/497,09-05-2019,AG000175,Mary,Simmons
C00774,Margaret,Selby,8577487553,Berlin,JNRPI5801W,14-03-1952,689963321907,"Conservation officer, historic buildings",marshallsheri@example.org,,,,AN-93-586-601-395/670,11-09-2020,AG000169,Emily,Hanson
C00775,Marvin,Evans,7482597723,Hayward,REQQF4574E,19-08-1961,398264555818,Phytotherapist,amberpalmer@example.net,LWD4034137,,IR67424982908,FD-15-192-793-457/117,21-05-2018,AG000024,Eric,Arnold
C00776,Nick,Beal,9697275871,Berna,SJHKC3649Q,06-05-1965,007729314887,Games developer,jameswatkins@example.net,,Q2487724,FE11580320814,,18-10-2019,AG000027,Abigail,Cabrera
C00777,Colleen,Becker,6618374334,Atlanta,BYVAX1978X,30-03-2003,585999735367,Television camera operator,norma09@example.com,UYH3817783,T2071484,,XN-58-850-591-576/489,19-12-2018,AG000050,Brandy,Ramirez
C00778,Marvin,Moore,8535856666,Henderson,RDVMK7973H,24-09-1988,220427305020,"Conservator, furniture",wwagner@example.net,,,,,11-04-2018,AG000165,Christopher,Copeland
C00779,Kurt,Robertson,8775446176,Kansas City,CWLNB4372L,08-12-1943,690733450913,"Designer, multimedia",adammoreno@example.org,,D4886985,,PB-47-126-223-246/935,13-04-2018,AG000131,Breanna,Taylor
C00780,Priscilla,Marshall,6967335152,Jacksonville,PYOSQ9734D,07-09-1968,436423577240,Claims inspector/assessor,raynatasha@example.org,,,GK93910575408,,09-10-2018,AG000052,Brandon,Johnson
C00781,Candace,Verdon,9546916382,Oakland,NVJQC4079I,20-06-1980,849804504990,"Designer, multimedia",anthony98@example.com,,,,,03-08-2018,AG000199,Melinda,Haley
C00782,Abdul,Lane,9241225852,Bridgeport,PCETF6301F,01-04-1992,237927575000,Heritage manager,andrew22@example.com,SMZ9658395,,,,23-07-2019,AG000072,Joshua,Jacobs
C00783,Tyler,Foxley,9157187827,Rome,YSXKT5311U,04-09-1982,587745068307,Advice worker,nmurphy@example.org,EPV1048793,A0539222,HR19772911362,MR-46-941-615-541/055,09-10-2019,AG000079,Jeffery,King
C00784,Gil,Kelly,9721444973,Anaheim,WKHFW0305F,06-03-1982,490290587972,Ceramics designer,carrmegan@example.org,,I4153514,,,31-12-2018,AG000085,Christopher,Edwards
C00785,Alex,Bristow,9433894868,Albuquerque,ZNCIT1005L,05-02-1952,625326001076,Occupational psychologist,hbaker@example.net,VNU2556864,T2652465,,,05-08-2020,AG000115,Jason,Anderson
C00786,Zoe,Baxter,8266337216,Seattle,JBQDI1304A,09-07-1953,972208821329,Web designer,patriciamcintosh@example.org,FJV9123930,Y2838075,RG29350404087,,05-04-2019,AG000058,Cheryl,Gonzalez
C00787,Jacob,Ulyatt,7866638911,Laredo,YLDNI8729Q,09-12-1972,062250840400,Orthoptist,qrussell@example.com,,,XR11836091376,FO-61-536-301-442/137,22-08-2020,AG000124,Christina,Russell
C00788,Bob,Cox,7442184858,Scottsdale,MLZRH4059G,18-05-1969,295604974716,Data processing manager,robert71@example.org,JHO5063442,,TO82219510408,,06-04-2019,AG000116,Elizabeth,Williams
C00789,Rocco,Reynolds,8536285135,Moreno Valley,BDMJU0581A,02-03-2002,456731077593,"Production assistant, television",alicia16@example.com,QNS1434735,G1011976,HW82773941344,PL-95-903-906-483/647,12-06-2019,AG000092,Roy,Everett
C00790,Jessica,Yoman,9381712423,Milano,IVTHH9466F,07-07-1999,267302645217,Herpetologist,barnesjoshua@example.com,,,XW07885756426,,24-01-2020,AG000036,Victoria,Cooke
C00791,Anne,Clarke,8386652848,Richmond,AUSIL3342L,01-10-1998,486123844901,Historic buildings inspector/conservation officer,wagnerrobert@example.net,,,XF53078589483,FM-39-605-081-368/778,23-01-2021,AG000002,Ashley,Washington
C00792,Chris,Lambert,8587426747,Charlotte,IVXAS3747M,10-02-1945,109397977200,Information officer,vwilson@example.net,,J6345384,,,11-09-2020,AG000179,Jeffrey,Hill
C00793,Rufus,Stone ,7421969567,Los Angeles,IYWZG1241X,31-01-1981,144684550282,Emergency planning/management officer,ericgaines@example.net,,,,,21-10-2018,AG000136,Nathaniel,Best
C00794,Anais,Mcneill,6947587384,Fremont,MCQTD2373N,18-07-2001,965043786266,Retail buyer,jeffreydavid@example.com,EIF4018817,,,,12-04-2019,AG000127,Kyle,Le
C00795,Angel,Wright,9385383884,Los Angeles,HSKSM2515X,05-03-1959,048601090169,Sales promotion account executive,olsonchristian@example.net,NFD0340754,,,LH-23-947-640-717/094,23-04-2020,AG000105,Katherine,Mccoy
C00796,Olivia,Tailor,8816893264,Irving,YFTLQ6996Y,19-12-1970,333470678032,"Librarian, public",evan25@example.org,NBX3906508,,,DZ-48-490-181-598/684,11-12-2020,AG000186,Dustin,Fuller
C00797,Noemi,Dixon,8748357282,Miami,AMDST0980R,08-06-1955,948226826987,Warehouse manager,ehall@example.net,,,,,24-12-2019,AG000189,Brooke,Ruiz
C00798,Liam,Goldsmith,9527627447,Saint Paul,DVJKS4479K,07-10-1963,009368645150,Pharmacologist,stephanie41@example.org,UYC6732806,V1946226,GH44788668146,YN-11-245-473-269/078,23-08-2020,AG000038,Frank,Lewis
C00799,Ethan,Spencer,9432778863,Atlanta,AWVSK7933X,26-03-1947,249910328903,Outdoor activities/education manager,lorilee@example.com,NJJ6181738,,AT46090325949,,18-04-2018,AG000050,Brandy,Ramirez
C00800,Margaret,Bryson,7167233555,Worcester,LVYWF7883E,02-09-1965,369455755891,Special effects artist,hannah85@example.com,AXS8610197,,TC77786649181,,10-04-2020,AG000139,Cheryl,Morales
C00801,Tom,Dann,6875567463,Quebec,PGJEW2126D,19-01-1980,094206269400,"Scientist, biomedical",arnoldamanda@example.net,MYS0537829,,FM28792850184,,30-04-2018,AG000008,Brandon,Wolfe
C00802,Benjamin,Adams,7654923854,Tallahassee,ENFNG2467M,07-08-1946,026757315374,Actuary,joshua25@example.org,JBM6856333,Y4594366,NB65451226722,CZ-85-262-269-716/927,06-08-2019,AG000199,Melinda,Haley
C00803,Caleb,Sylvester,9814333234,Prague,UYBKJ8693H,07-04-1953,679000509828,Higher education lecturer,rhonda08@example.com,,,NO30194318204,,19-11-2018,AG000028,Kyle,Underwood
C00804,Trisha,Fenton,9648929625,Louisville,XZPRS9030Y,16-01-1997,889220183796,"Scientist, product/process development",robertjoseph@example.org,NDE3448873,,,GG-19-822-971-512/613,31-10-2020,AG000023,Joseph,Dean
C00805,Miriam,Zaoui,6889862533,El Paso,YHAPP2918V,01-02-1970,487661666934,"Designer, exhibition/display",jordanrandy@example.net,,G5080783,,,28-03-2019,AG000150,Alexandra,Romero
C00806,Nathan,Bennett,7954732678,Garland,JYSHP5111P,08-12-1962,941354067182,Hydrographic surveyor,rogersdonald@example.net,,N4708495,ZT16392245782,EO-34-719-328-100/543,29-08-2019,AG000048,Dana,Davis
C00807,Joseph,Vangness,9341432653,Fort Lauderdale,BIPIJ7324D,06-10-1944,077276761711,Film/video editor,rpierce@example.org,,N3915108,,VF-60-985-114-792/196,23-09-2018,AG000114,Kristen,Lang
C00808,Ally,Douglas,6548247449,Indianapolis,CECVF9630J,26-05-1976,824027809146,Air traffic controller,xwilliams@example.com,,S6572702,,DR-64-711-974-393/091,14-05-2019,AG000079,Jeffery,King
C00809,Henry,Johnson,9383995551,Venice,CUHRS9680P,06-11-2004,800854608782,Futures trader,owensrobert@example.org,,,,,04-07-2018,AG000065,Anna,Roberts
C00810,Tony,Weasley,7848696739,Fayetteville,XFSEO5048B,23-04-1945,779325726588,"Research officer, government",ambermaynard@example.org,,R7449439,,UR-60-074-723-394/618,20-03-2019,AG000008,Brandon,Wolfe
C00811,Owen,Norman,8885528345,Madrid,XLHAY9013K,10-11-1970,334768927536,English as a foreign language teacher,qdavis@example.net,,D6776198,VC82733146644,,13-09-2020,AG000005,Karen,Ray
C00812,Rosalyn,Cassidy,9728875844,Honolulu,IBPUU2914K,25-11-1971,450560415081,Health service manager,kaitlynjordan@example.com,,Y5737814,EP09356651177,WI-55-936-174-767/537,04-04-2018,AG000052,Brandon,Johnson
C00813,Carmella,Preston,8884567456,Salt Lake City,SJGAG4197R,12-03-1954,541460514302,"Editor, film/video",jonathan58@example.com,,P2564745,UM19942665322,,11-03-2020,AG000146,Jessica,Parker
C00814,Rosemary,Benson,8238622132,Denver,AITNH9926C,04-12-1976,871488911879,Psychiatric nurse,lucerojoseph@example.org,,,OY27914905975,,10-05-2020,AG000167,Jennifer,Miranda
C00815,Fred,Weldon,7618771647,Indianapolis,XJUXE5089V,14-09-1971,166787565259,"Conservator, furniture",smithanthony@example.net,,,,,10-12-2019,AG000085,Christopher,Edwards
C00816,Elena,Vaughn,6158382764,Kansas City,KJLJX4440V,04-10-1952,605126725227,"Conservation officer, historic buildings",ruizmeghan@example.org,QAM7766486,,,KG-10-228-646-032/037,17-06-2018,AG000035,Diana,Leonard
C00817,Alan,Jenkins,9877643339,Tulsa,MJBDB3279M,08-06-1957,971851383516,Trade mark attorney,davisleslie@example.org,VOS7613374,,EV73113544688,,16-05-2018,AG000084,Matthew,Moore
C00818,Owen,Vernon,7688347761,Berna,EBBEC1255A,08-08-1999,594296151098,Estate agent,joshua32@example.com,WPZ0474432,,,PD-78-153-150-216/079,01-07-2018,AG000156,Christy,Mullins
C00819,Nathan,Calderwood,7836114753,Charlotte,AQYWU7912M,23-10-1989,132575779601,"Surveyor, planning and development",kayla42@example.net,FOM5097738,,,,08-06-2018,AG000197,Brian,Miller
C00820,Adina,Steer,7748793588,Glendale,YJRKT3431D,17-01-1991,690951699564,"Presenter, broadcasting",tonya98@example.org,,O7017331,BU51079049876,UQ-13-183-831-947/382,15-11-2018,AG000072,Joshua,Jacobs
C00821,Summer,Hopkins,8847832395,Worcester,PVMJC2932J,26-07-1999,034610230504,Naval architect,jacobolson@example.org,PWZ5401969,G0537972,KC40994104013,RP-81-583-260-098/414,24-08-2020,AG000083,Andrea,Wood
C00822,Mike,Brennan,7577356677,Memphis,FUTSQ2248F,31-12-1969,482182132730,"Teacher, secondary school",denniscody@example.net,,H9922934,,,05-01-2019,AG000049,Amanda,Fernandez
C00823,Gil,Chadwick,6725864661,Bucharest,CUAFV8613B,28-09-1995,333736876355,Audiological scientist,hatfieldadam@example.org,,,,WJ-56-310-837-132/617,16-12-2018,AG000009,Felicia,Hale
C00824,Regina,Ramsey,6425891294,Charlotte,XZLZO6730D,03-04-1961,684510267323,Tree surgeon,joshuabartlett@example.com,BIX0901684,G8599990,EG99127719361,TU-00-961-072-038/685,12-03-2019,AG000038,Frank,Lewis
C00825,Kieth,Stone,6415338768,Fullerton,BOMKK6650C,26-11-1951,712093775606,"Education officer, environmental",tiffany38@example.com,TWX1711457,A5447548,DQ09057316046,,29-10-2019,AG000115,Jason,Anderson
C00826,Mona,Owen,7577321262,Huntsville,WHQKU4926S,03-10-1996,283080736045,Trading standards officer,pwilliams@example.org,GPT9153462,,,,04-04-2019,AG000098,Ruben,Jimenez
C00827,Camellia,Alcroft,7543847434,Santa Ana,DNJHJ8485O,25-09-1999,842112204934,Field trials officer,connie29@example.com,FMC5411011,R1944490,,TO-61-430-415-073/102,06-09-2020,AG000171,Christopher,Miller
C00828,Barney,Shea,7968831835,Garland,ZIJZO8299B,06-06-1991,780853713963,Armed forces logistics/support/administrative officer,uaguirre@example.com,,,SR19101981701,LO-56-437-272-010/723,26-03-2020,AG000126,Patricia,King
C00829,Violet,Weston,9672697846,Lyon,GVNVK9855L,23-07-1949,869548166209,"Teacher, primary school",kelsey27@example.net,,L0316916,,,04-10-2020,AG000024,Eric,Arnold
C00830,Peter,Richardson,7246139628,Detroit,NFGGM1272V,07-01-1985,960825557715,"Teacher, adult education",moorejoseph@example.org,DVY6100491,T9337685,,,23-06-2020,AG000187,Kristy,Tyler
C00831,Anthony,Edwards,6629431455,Washington,HFTGR2321C,08-10-1978,560366679267,"Accountant, chartered",fjackson@example.org,,L5942886,,RQ-20-246-025-228/588,08-11-2018,AG000025,Kimberly,Bailey
C00832,Fred,Harris,8671174252,Bakersfield,INLOO6829Y,28-01-1959,002527902215,"Accountant, chartered certified",jennifer68@example.net,,,OH47388018818,WW-11-586-793-782/062,12-08-2020,AG000118,James,Nelson
C00833,Cedrick,Hope,6733967786,Rochester,AXKYM5052Q,17-07-1985,257477132251,Nature conservation officer,elizabethdavis@example.net,,,TK76711098398,LJ-84-753-084-773/551,16-04-2019,AG000089,James,Mitchell
C00834,Leah,Olson,8721155644,Zurich,FXEZA6500F,09-07-1954,181118577575,Civil Service administrator,joseph57@example.net,KHM3216120,,,,04-04-2019,AG000054,Karen,Allen
C00835,Benjamin,Uttridge,6874683767,Irving,RPLWD3340G,10-04-1965,233593398450,Make,pughwilliam@example.com,,,SQ77024828571,MC-09-242-148-561/764,25-07-2018,AG000002,Ashley,Washington
C00836,Nick,Tindall,7458714439,Las Vegas,ZOEQQ5421P,11-03-1992,838692622758,Dramatherapist,alexanderwhite@example.net,,,UC88738603725,QP-50-242-541-834/633,28-12-2018,AG000176,Joseph,Moore
C00837,Mya,Penn,6994123638,Omaha,EMAJZ6183W,01-06-2004,392966235000,"Engineer, maintenance",garycontreras@example.com,BUK1106980,,,,13-12-2020,AG000026,William,Carroll
C00838,Georgia,Morley,6467771815,Fort Lauderdale,PLWRG5030N,11-04-1975,284145531862,"Engineer, electrical",iperez@example.com,IZU2517615,,KA52169562452,,08-03-2019,AG000177,Mark,Glass
C00839,Daniel,Asher,7396642552,St. Louis,YJHLZ3298X,19-10-1953,773339417883,"Programmer, systems",snelson@example.net,,T0641023,,,12-04-2019,AG000187,Kristy,Tyler
C00840,Ethan,Bolton,8554748445,Innsbruck,DRHAG4666B,05-11-1966,333633882718,Health visitor,perryjordan@example.org,,,,,07-01-2020,AG000145,James,Beard
C00841,Candace,Gilmour,6351673641,Tulsa,WEOMK7987Y,11-03-1973,262924605680,Occupational hygienist,longlogan@example.org,VQW2690096,,RA76500846989,SK-79-039-881-892/061,20-04-2019,AG000058,Cheryl,Gonzalez
C00842,Beatrice,Woods,8884214284,Orlando,ZFHXB3594W,14-03-1950,586878107071,Hydrographic surveyor,riversbrandy@example.org,,L3846592,,,23-04-2019,AG000057,Beth,Cobb
C00843,Daron,Hepburn,6958253675,Fullerton,THBUV1531A,18-07-1957,368170810414,Barrister's clerk,ericamatthews@example.com,FNX6458967,Y3767448,,,13-09-2020,AG000045,David,Ochoa
C00844,Lara,Taylor,9577539625,Oklahoma City,UOBJO6446P,29-01-1989,819861636978,"Engineer, manufacturing",daniel66@example.com,,,GH17407371911,SU-48-493-373-434/236,12-11-2019,AG000169,Emily,Hanson
C00845,Cassidy,Watson,7178284372,New York,LEUEU8886M,12-06-1953,497562479922,Farm manager,anthonynguyen@example.org,MKS8438058,F0497456,RO87788222116,,01-02-2021,AG000073,Joshua,Thomas
C00846,Marissa,Rose,6414268284,Quebec,NEYPY1767K,02-02-1962,298944582495,Research scientist (life sciences),flowery@example.org,,,,,31-08-2018,AG000031,Andrea,Keller
C00847,Macy,Collis,9374171383,Fullerton,CMAQL5655M,10-02-1988,599784027583,Mental health nurse,eringreen@example.net,ZKF9620739,H6212160,,AT-02-072-879-359/840,19-03-2020,AG000130,Michael,Kaufman
C00848,Parker,Bentley,6528366128,Pittsburgh,WUXWX1793K,04-02-2001,970687952324,Music therapist,millerjoseph@example.com,,Q9537486,,JV-93-708-946-937/344,08-09-2019,AG000006,Roger,Fernandez
C00849,Jacob,Gilbert,8877951686,Fullerton,WJSUV2179K,30-11-1976,892059376237,Social researcher,lreyes@example.com,NUB1826977,,OX59725839967,II-69-511-171-269/956,01-09-2019,AG000157,Roy,Nelson
C00850,John,Norman,8726476987,San Francisco,CNCYC9069M,04-04-1947,370649564326,Market researcher,amyanderson@example.net,,,,,13-08-2020,AG000188,Maurice,Mathis
C00851,Daniel,Stevenson,6767144366,Toledo,QOTFX9355P,03-07-1969,680619511025,Games developer,rodriguezterri@example.com,PIE8538656,B4387761,,SF-37-213-773-552/067,18-09-2018,AG000101,Gregory,Chavez
C00852,Mina,Skinner,6747485327,San Diego,FRZOU3992P,02-09-1959,936734940320,Psychiatric nurse,leblancerica@example.org,,,OY23993915077,,10-07-2019,AG000042,Danny,Gomez
C00853,Sadie,Eastwood,9362453769,Springfield,RARNE5040U,08-06-1961,694033309169,"Scientist, forensic",dbrown@example.net,,,,PR-19-008-805-701/615,29-10-2018,AG000066,Melanie,Young
C00854,Alma,Grey,7277472453,Milwaukee,CYDCQ7737L,23-10-2000,147708166099,Public affairs consultant,csmith@example.com,DUA6506221,,,BS-17-500-824-681/186,22-12-2019,AG000031,Andrea,Keller
C00855,David,Powell,6489384395,Saint Paul,SLRMD5143B,24-02-1967,808134931171,Outdoor activities/education manager,hollowayapril@example.com,LMQ0854372,U8907501,,,20-06-2020,AG000088,Caroline,Martinez
C00856,Sadie,Smith,7344655756,Bucharest,JEDPA4612G,06-08-1990,307697054074,"Civil engineer, contracting",oferguson@example.org,,I6271708,,WO-14-678-374-417/803,28-03-2018,AG000148,Lacey,Davis
C00857,Nick,Collins,8367192882,Madison,SPOTB3322U,19-04-1964,461718356780,Astronomer,heatherhall@example.com,PYR5694390,D3698368,,YU-56-027-149-031/791,29-06-2020,AG000025,Kimberly,Bailey
C00858,Ally,Bryson,7611386534,Philadelphia,BSIGJ2840B,23-03-1966,080761036100,Hydrologist,gallagherkatrina@example.com,PXC2357515,X9323919,,JC-54-407-725-914/205,09-09-2018,AG000183,Johnny,Solis
C00859,Paula,Rossi,6393425243,Louisville,VBUUU8894R,23-07-1949,273569686530,Press sub,isaiah19@example.org,FWY7158867,K7890977,DG26182836710,UG-22-790-391-092/133,07-04-2019,AG000054,Karen,Allen
C00860,Rick,Gaynor,7848659739,Paris,VTBOL6994U,30-05-1960,781418871809,Toxicologist,shelbyvalenzuela@example.net,,,IZ09257574888,DA-40-708-515-539/094,02-03-2019,AG000037,Sonya,Garcia
C00861,Julius,Rowlands,6287339277,Reno,QKYGC2570I,30-08-1987,097284520924,Mudlogger,alexandereric@example.com,FJC8175040,,,,30-07-2018,AG000195,Michael,Lucero
C00862,Grace,Hunter,6923929236,Huntsville,MAPQQ9002B,13-12-2004,492653133855,"Engineer, biomedical",johnsonbrian@example.org,,,,,14-05-2020,AG000116,Elizabeth,Williams
C00863,Marilyn,Irwin,7944238643,Memphis,SCNWJ9491Q,08-12-1978,845634430300,"Engineer, mining",jenniferblair@example.net,,,,,21-12-2020,AG000071,Kyle,Jones
C00864,Oliver,Dempsey,6526458379,Detroit,OBWNA0437D,05-07-2001,403934081966,"Loss adjuster, chartered",wwhite@example.org,,I3446805,,UY-13-692-705-749/987,25-06-2019,AG000192,Robert,Conrad
C00865,Jayden,Lowe,6378481244,Wien,EUDVR8094C,21-12-1975,311789895477,Civil Service fast streamer,mary75@example.net,,,,,12-10-2018,AG000132,Stephen,Alvarado
C00866,Erick,Rycroft,6282258352,Portland,ZDHOL8183K,24-10-1984,194819109492,Airline pilot,santosdavid@example.net,,,AK95585208208,,04-01-2019,AG000142,Lucas,Short
C00867,Daron,Huggins,8574359197,Henderson,NMGXQ8112N,10-07-1965,608356152528,"Embryologist, clinical",aliciacowan@example.org,,,,,20-04-2020,AG000128,Christy,Gomez
C00868,Rowan,Sheldon,8226728342,Tulsa,YLPQE9175N,11-05-1995,360691436582,Dancer,denniswest@example.net,SWT2312730,,ID32259548274,TL-53-611-513-352/342,16-12-2019,AG000032,Mary,Williams
C00869,Erick,Phillips,8236122757,Portland,HUKGD1726U,11-10-1998,151976011345,Museum education officer,collinsbrandon@example.net,TPS3261728,,,HU-84-415-747-053/821,14-07-2020,AG000089,James,Mitchell
C00870,Christy,Sheldon,6238261555,Huntsville,DHOME9276X,21-06-1993,896076009738,Set designer,caroline97@example.org,SEG6281365,,OK23733108997,,05-12-2019,AG000161,Sandra,Murray
C00871,Olivia,Robe,6323734643,Milwaukee,IOIFU7435T,21-05-1947,008197470948,Chief Executive Officer,kevin88@example.net,MXK8036909,,,,10-06-2020,AG000036,Victoria,Cooke
C00872,Jackeline,Bailey,6165412584,Reno,AWJQO3835I,15-12-1954,287268295911,"Engineer, energy",wpalmer@example.net,,,CH08922165169,,21-05-2020,AG000177,Mark,Glass
C00873,Joseph,Veale,8218357531,San Bernardino,QABAK4319K,04-01-1998,384199428926,Medical laboratory scientific officer,renee07@example.com,,,BD38168849161,FX-96-518-070-256/312,20-07-2018,AG000094,Alan,Bishop
C00874,Francesca,Wills,8536853267,Bakersfield,LLWYD8309L,29-04-1975,249331469336,"Surveyor, quantity",smithtiffany@example.net,XVT2780482,U5542223,,GE-67-866-597-390/769,20-05-2018,AG000183,Johnny,Solis
C00875,Fiona,York,7447134774,San Antonio,TZBVT4879L,21-11-1966,050835317423,Artist,jacob95@example.org,RPZ1493875,U8768872,RH24345485122,,26-07-2019,AG000196,Autumn,Jones
C00876,Logan,Herbert,6162218878,Hollywood,NBOWW9694T,12-09-1948,627111773789,"Scientist, research (medical)",dhorne@example.org,VIC3682636,V0505143,IX85407904332,,11-04-2020,AG000149,Jack,Waters
C00877,Megan,Olivier,8781677236,Chicago,BZQNN1103C,02-08-1963,572772165931,Corporate investment banker,moralesmichael@example.org,,U1748949,,,11-09-2020,AG000176,Joseph,Moore
C00878,Matt,Todd,8415281667,Tokyo,MBREC6790M,05-11-1967,944329285955,Sport and exercise psychologist,kevin56@example.net,,,,IT-27-759-007-060/231,09-08-2019,AG000183,Johnny,Solis
C00879,Sebastian,Swan,8522354324,Milwaukee,ZLRCS5984G,09-12-1952,861865045639,Sales executive,ssanchez@example.org,,Z9738863,,,27-01-2020,AG000172,Cody,Reed
C00880,Bryon,Hopkins,7835615263,Louisville,YNCGI8030M,04-10-1989,899708766582,Television camera operator,hernandezjoseph@example.com,,I6513533,CV75684161438,,30-08-2020,AG000097,Angela,Gonzalez
C00881,Domenic,Robertson,6366188248,Tokyo,SMKOY4937F,29-06-1997,214866275726,Research scientist (life sciences),zrose@example.com,MUW4982936,D6579704,,DL-05-565-185-783/210,23-04-2018,AG000005,Karen,Ray
C00882,Ember,Huggins,8227313263,Albuquerque,MSJXU9336F,30-06-1953,646083225789,Geochemist,jasmine52@example.org,,C7957486,TC76555450446,,10-07-2018,AG000088,Caroline,Martinez
C00883,Logan,Allen,9878533633,Richmond,XRWRO9377T,20-02-2000,068703616132,Barista,thomasdickson@example.com,SEZ5728085,,ES72334585228,QR-32-177-470-088/411,25-01-2020,AG000148,Lacey,Davis
C00884,Rhea,Glass,8526675533,Paris,SHHKU5333K,24-12-1953,221444793424,Paediatric nurse,davidhowell@example.org,NLP3872676,E5472756,,NH-03-604-649-904/256,27-04-2018,AG000151,Austin,Simpson
C00885,Matt,Holmes,6857933777,Milwaukee,UGRWF4528N,15-10-1951,763702777171,Legal secretary,juan01@example.net,,M5979988,,,12-12-2019,AG000022,Charles,Lucas
C00886,Savannah,Ellis,8817455765,Hollywood,VPHHZ8599D,15-07-2004,636358057131,"Therapist, horticultural",ecole@example.com,,,OG78455739430,AM-59-086-744-362/896,05-02-2019,AG000061,Robin,Robinson
C00887,Cristal,Thomas,9543355817,Rochester,CAVVS8447E,16-10-1993,001101114778,Engineering geologist,victoria71@example.net,,N5064499,,,22-06-2019,AG000194,Mark,Johnson
C00888,Luke,Lewis,9214563762,Hollywood,GAYGL5304H,23-06-2004,354170918361,Audiological scientist,catherine72@example.net,,,,,27-02-2020,AG000196,Autumn,Jones
C00889,Ramon,Niles,9242713657,Madison,BJIQF0174N,25-12-1962,952048528041,Dealer,kingsandra@example.com,ZLB9809438,,DX12054228471,,24-07-2020,AG000010,Danielle,Wilkins
C00890,Dasha,Nanton,8814527358,Jersey City,BBGFF9786D,09-02-1987,356049623859,Editorial assistant,rebecca56@example.org,,R4291901,,,25-11-2019,AG000159,Isaac,Osborne
C00891,Luke,Dwyer,9817336425,Minneapolis,MXZMY9324R,30-07-1975,355091760101,Water engineer,kelly27@example.org,HSU1280599,,ZY48326347518,,25-10-2018,AG000087,Joanna,Rodriguez
C00892,Jayden,Norris,9893147316,Washington,OVXOI4392P,07-01-1945,572469584177,Writer,turnerashley@example.org,GRE2376929,,,PP-74-864-997-875/428,24-01-2019,AG000081,Anthony,Johnston
C00893,Britney,Todd,6743577339,Santa Ana,FSBIK7592R,07-11-1963,330134148562,"Scientist, clinical (histocompatibility and immunogenetics)",martinamanda@example.org,,W1695090,,,11-08-2019,AG000197,Brian,Miller
C00894,Cassidy,Lynch,6762867545,Anaheim,APHUL4022Y,25-04-1972,458237159854,"Merchandiser, retail",myersbarbara@example.net,,,,RY-90-913-116-461/826,15-03-2020,AG000194,Mark,Johnson
C00895,Marvin,Eddison,9231693948,Amarillo,ODWQX0322H,03-11-1985,364752578990,"Psychologist, occupational",michael14@example.org,GIG7373117,,,EL-97-950-073-267/018,08-07-2018,AG000148,Lacey,Davis
C00896,Celia,Huggins,9929334356,Venice,REAOO9823L,08-10-1975,889316215682,Regulatory affairs officer,jefferymosley@example.org,,,GF05493025896,ND-84-351-974-704/668,17-03-2018,AG000078,Jeremy,Bauer
C00897,Caleb,Connell,9998989758,Rochester,LRNIL9441T,21-03-1988,072261314397,"Engineer, biomedical",fdavis@example.net,,U9752240,IE09816148585,PH-34-503-298-522/905,23-06-2018,AG000141,Amanda,Jenkins
C00898,Cameron,Garcia,9746617436,Milano,FUTFG5671D,28-12-1945,916662076620,Osteopath,jacksonbreanna@example.org,GPS5649872,,,,11-04-2019,AG000151,Austin,Simpson
C00899,Clint,Holmes,8269864497,Detroit,WJIHR9873B,10-06-1996,332830642951,Recruitment consultant,lauren43@example.org,NYU2822987,,QG22835925108,GU-52-783-620-667/726,17-05-2018,AG000187,Kristy,Tyler
C00900,Russel,Woodcock,6271886465,Lisbon,AECFP4044C,10-07-2003,966287848239,"Engineer, structural",harry69@example.net,CVP4042429,S7190811,IW57921266738,DV-72-584-167-873/528,01-06-2018,AG000046,James,Martinez
C00901,Lucy,Chadwick,6525834245,Hollywood,RALRV5798S,16-05-1979,530766304128,"Therapist, occupational",vmorris@example.org,SNG8033048,G7831146,,,06-01-2021,AG000163,Mary,Boyd
C00902,Rufus,Andrews,6244462538,Bellevue,APJAH4903B,22-04-1971,056198750822,Sub,afrancis@example.net,YLP5630136,,FX55426013856,,14-05-2020,AG000170,Jared,Clark
C00903,Russel,Reid,8976953788,Nashville,SQUYN0667R,15-09-1975,536401723996,Site engineer,gail89@example.org,QOY4690722,,,,01-03-2019,AG000126,Patricia,King
C00904,Denny,Flynn,7758477963,Boston,INVBM2037Q,02-08-1957,535637932418,"Administrator, local government",olewis@example.com,BJM2692187,G3046254,,PY-55-075-946-902/398,14-09-2020,AG000026,William,Carroll
C00905,Javier,Bell,8972378539,Norfolk,GIMEA9896F,22-10-2001,858997071352,Exhibition designer,ashley49@example.org,SDE0589558,,CF68214312602,XT-96-316-415-765/666,31-01-2021,AG000125,Debra,Henry
C00906,Carmella,Henderson,9979377533,Worcester,XGTDE3340O,17-09-1968,233370413044,Camera operator,murphycrystal@example.org,CFF3064487,,,,27-05-2018,AG000180,Andrew,Baker
C00907,Carolyn,Latham,6452367788,Wien,WNURA5860V,30-04-1997,069893714176,"Scientist, audiological",ashley05@example.net,CUU8459440,J2804083,RS66176395356,WE-58-327-229-893/174,02-03-2020,AG000170,Jared,Clark
C00908,Nicholas,Lakey,7481273385,Denver,OZWDF3953F,05-05-1968,124616290121,Early years teacher,lpatrick@example.net,,,,,18-06-2019,AG000109,Samantha,Walton
C00909,Chanelle,Nurton,9687645879,Berna,VNVHQ7994G,10-05-1969,788253265015,Retail manager,esullivan@example.com,RNN8880026,O3241997,,EN-32-245-524-215/119,13-05-2020,AG000104,Thomas,Tate
C00910,Sage,Saunders,8346755468,Colorado Springs,XEFHM9168Y,19-03-1964,643822347295,"Engineer, site",amberwilliams@example.org,,,KY08143098318,,22-11-2019,AG000105,Katherine,Mccoy
C00911,Janice,Fields,9711629339,New Orleans,JNQUE8688S,03-12-1962,968864868212,Video editor,ryancamacho@example.org,,,,,11-03-2018,AG000044,Derek,Hunt
C00912,Chelsea,Herbert,6378334277,Seattle,PAFAS7785G,27-09-1951,547538372538,Chemical engineer,cortezvanessa@example.com,SQW3837556,G8329794,,QS-43-210-132-334/163,12-08-2018,AG000154,Gregg,Martinez
C00913,Adelaide,Andersson,9488296778,Hayward,ZMNXY5686Q,05-05-2004,000874345238,Automotive engineer,travis98@example.com,LME6375224,L7968092,,,11-10-2019,AG000108,Dominique,Silva
C00914,Rufus,Mullins,6161347156,Salem,ATINI6637I,27-02-1991,159188687062,"Social research officer, government",jacob29@example.com,,Z6313838,TM35711633376,,11-04-2018,AG000144,John,Garcia
C00915,Victoria,Walker,7818617855,Lyon,DVQTF8677B,03-07-1964,779951464704,Farm manager,craig05@example.org,WAN0750477,K5661233,,,06-09-2020,AG000179,Jeffrey,Hill
C00916,Callie,Garner,9767427528,Oklahoma City,ZXMCK8055A,30-03-1949,197219105910,Textile designer,kcook@example.org,FXK4185466,I6678501,,,04-05-2019,AG000073,Joshua,Thomas
C00917,Winnie,Wellington,8658654683,Irving,RXDYF6642E,01-05-1950,312010070390,Retail banker,kblack@example.net,,,,,18-12-2020,AG000196,Autumn,Jones
C00918,Sonya,Phillips,8768657525,Paris,KLRRH6724M,28-04-1995,919957065770,"Administrator, education",zevans@example.net,,,FW44741714100,XP-19-978-952-132/057,15-09-2019,AG000169,Emily,Hanson
C00919,Brad,Norris,9113371385,Atlanta,KFVHY4369Q,15-08-1970,895101104613,Art gallery manager,ramoskimberly@example.com,,,OG70995203913,PW-60-190-783-810/838,12-10-2020,AG000055,Jason,Young
C00920,Kurt,Wilcox,6184258829,Norfolk,EEGIU5933H,10-05-1967,154559267715,Brewing technologist,anne13@example.net,,Y5475969,EE90622757848,,15-11-2019,AG000119,Crystal,Whitehead
C00921,Danny,Tennant,6249817458,Berlin,QIVBO3723D,28-06-1959,370700324863,Advertising copywriter,clara@example.org,AGW5805401,I9478659,,VR-48-681-817-301/222,29-01-2021,AG000008,Brandon,Wolfe
C00922,Alex,Warden,6592398885,Richmond,ICISA3463U,17-04-1943,415389352937,Furniture designer,patricia72@example.org,,,,,14-02-2021,AG000036,Victoria,Cooke
C00923,Erick,Turner,9843563576,Berna,AQXDK1094R,08-02-1993,998624508686,Management consultant,xwebb@example.org,DZG3298799,,EC47365542305,YU-80-163-387-625/408,15-04-2018,AG000196,Autumn,Jones
C00924,Chuck,Devonport,7932482635,Jacksonville,CPLQD7532J,07-01-2001,339688926666,"Designer, television/film set",francisco38@example.org,QIE0002440,,TU84639924085,DK-62-881-280-071/991,05-07-2020,AG000040,Ann,Franklin
C00925,Juliet,Heaton,7585993535,Lisbon,LAYRV1186W,18-11-1959,610395512663,Retail buyer,jessicagordon@example.com,BZO2970929,Q8941231,,JE-92-213-531-944/861,01-12-2019,AG000089,James,Mitchell
C00926,Nick,Mccall,9754512843,Columbus,DJHRS4140J,28-05-1995,953361705663,Fish farm manager,vincentwatkins@example.org,PVU4839371,,HH38920190123,,20-09-2020,AG000139,Cheryl,Morales
C00927,Freya,Collins,9384499382,Fort Lauderdale,WTXGQ2588W,01-09-1974,664069654405,"Loss adjuster, chartered",brookelee@example.com,,,,,13-04-2020,AG000137,Joseph,King
C00928,Fred,Wooldridge,9936836324,Quebec,VJYTN3366G,24-05-1976,963468084554,"Designer, television/film set",phillipsryan@example.org,,E9066999,,DK-80-857-170-426/149,03-08-2018,AG000127,Kyle,Le
C00929,Blake,Mason,8258535819,Los Angeles,FAHGL2852K,17-01-1968,272167720193,"Psychologist, clinical",jessicabowen@example.net,,,VO38064480456,,02-01-2019,AG000141,Amanda,Jenkins
C00930,Anabelle,Collingwood,9649891483,Bucharest,UMPUM9736E,03-02-1970,979653118509,"Surveyor, quantity",christy28@example.org,,Y5966428,LN09376586525,DV-05-824-905-921/829,28-08-2020,AG000032,Mary,Williams
C00931,Martha,Poulton,7399977138,Oklahoma City,DOSVB8696D,12-02-1961,538546923721,Forest/woodland manager,sarahmartinez@example.org,,E0255322,,,25-11-2019,AG000011,Johnny,Sutton
C00932,Liam,Wood,7164285463,Boston,XEARQ1067N,08-06-1985,851068098549,Artist,mrhodes@example.com,,E7696946,AP41959866862,,05-01-2020,AG000198,Ryan,Baker
C00933,Bernadette,Davies,8653814766,Berna,ZCWSF3525G,28-10-1981,002828907722,Broadcast presenter,hayswillie@example.net,XIW8175156,G1803000,,,03-02-2021,AG000168,Timothy,Holloway
C00934,Sienna,Moss,6821285542,Seattle,RDABN5879A,07-12-1981,876239849364,Geochemist,alisonramirez@example.org,,B7062224,XX73326879339,FG-51-529-610-210/307,11-10-2019,AG000101,Gregory,Chavez
C00935,Martin,Khan,7337564316,Louisville,CSOEA8407B,12-08-1955,629515086613,"Surveyor, building",gwillis@example.org,,,,TI-62-474-841-575/974,09-10-2019,AG000133,Tracy,Anderson
C00936,Oliver,Robertson,9661781644,Jacksonville,WDJGX3331L,23-04-1973,421973337268,Archivist,murraytaylor@example.net,,,ZH25972741428,,25-08-2018,AG000106,Christine,Oconnor
C00937,Selena,Gordon,9886655448,Amarillo,BNFEZ9368Z,30-10-1965,616172187307,Petroleum engineer,bchang@example.org,TYX3160969,K8861238,QH65163480865,GM-85-968-727-161/284,03-03-2021,AG000143,John,Bartlett
C00938,Rick,Wilde,9538215658,Stockton,CQZOT7225A,13-09-1951,362435669870,Barrister,edward89@example.com,GYW4629149,W2168762,AO48622093333,,16-04-2018,AG000029,Emily,Salazar
C00939,Jenna,Richardson,6547298339,Arlington,HWTQW4266Z,09-10-1964,538325932327,Passenger transport manager,robbinscory@example.com,,,,,04-10-2020,AG000034,Mary,Hill
C00940,Jazmin,Bennett,7814356577,Milano,MCWBJ4938W,13-08-1954,854641354797,Research scientist (medical),ereid@example.net,APR2791460,,TM68871990965,PV-10-117-586-966/079,15-12-2020,AG000075,Lauren,Walker
C00941,Hazel,Booth,6399742856,Omaha,SIWVH1553O,05-09-1963,858816055353,"Surveyor, mining",sullivanashley@example.com,,K1767562,,,11-05-2020,AG000039,Nancy,Young
C00942,Chris,Uddin,6317813566,San Antonio,ABMPG6871U,22-04-1968,537779941470,Database administrator,warnerjill@example.com,PPV7421332,,,VL-87-802-878-816/157,01-11-2019,AG000034,Mary,Hill
C00943,Alex,Bloom,9143948232,Chicago,TCGZX6969H,03-06-1968,752678607709,Surgeon,christopher34@example.com,VZC3697652,,RF95678700359,,08-07-2020,AG000094,Alan,Bishop
C00944,Jaylene,Clarke,6655834786,Seattle,BKZFI3184D,29-06-1945,800974887757,Toxicologist,william91@example.net,,,,BW-84-870-719-745/001,15-02-2019,AG000027,Abigail,Cabrera
C00945,Francesca,Welsch,7967518438,Amarillo,QITNV4927G,11-02-1956,523346359849,"Surveyor, hydrographic",kenneth50@example.org,,Q7233775,,SJ-34-220-351-218/188,18-02-2019,AG000193,Kyle,Mcmillan
C00946,Carina,Hammond,8128767255,Nashville,CUPWZ9912P,15-07-1982,688871067238,"Social research officer, government",isabella24@example.com,IXB6587720,Y9369421,CX58154698430,AN-80-770-062-881/600,27-03-2020,AG000124,Christina,Russell
C00947,Martin,Henderson,9774342433,Zurich,RYIIP2999F,10-06-1946,683970563288,Outdoor activities/education manager,chunt@example.net,MNQ4294407,A4688178,,,13-04-2019,AG000100,Tiffany,Robertson
C00948,Nicole,Spencer,9186538735,Bakersfield,BXEDS5023A,28-01-1979,301795801321,"Teacher, special educational needs",anne55@example.net,QSO9307756,I9254078,GA87923727103,UB-61-108-280-464/794,03-12-2018,AG000197,Brian,Miller
C00949,Eduardo,May,9883831183,San Jose,RTHNR5647A,23-05-1951,267362083449,Oncologist,courtney08@example.net,,,,,01-09-2020,AG000014,Grace,Christensen
C00950,Matt,Oswald,6455263742,Fullerton,JCMCS9209J,04-05-1958,406136916595,"Radiographer, diagnostic",tamarapham@example.net,,Q5936601,,IY-42-923-212-525/285,07-09-2020,AG000080,Christopher,Rodriguez
C00951,Hank,Baker,8257423546,Baltimore,PXMGV4599X,28-01-1996,139559129565,Forest/woodland manager,jamesmoore@example.org,,P1495384,UN92997926020,,16-01-2019,AG000018,Tina,Garcia
C00952,Julius,Wright,6753375746,Philadelphia,XATKF5494P,23-01-1998,914118807868,Patent examiner,hlittle@example.org,MNV0930515,I5772665,,SL-50-433-332-357/299,24-06-2020,AG000139,Cheryl,Morales
C00953,Henry,Wills,7837392526,Lyon,XJNQK8026K,11-01-1958,277974980252,Professor Emeritus,lclark@example.org,BZF6217380,,,,10-07-2019,AG000196,Autumn,Jones
C00954,Daniel,Johnson,9495332452,Long Beach,AXVQI6110M,25-08-1947,460898543009,Make,pwilkinson@example.org,XPW7242144,J6597211,SL40921721609,TV-89-634-802-712/298,10-08-2018,AG000036,Victoria,Cooke
C00955,Madelyn,Richardson,9749637851,Miami,RBJQW3399I,03-02-1964,760513433895,Meteorologist,scott09@example.com,,,KL16257983035,QT-29-798-599-075/168,11-08-2019,AG000040,Ann,Franklin
C00956,Aileen,Addis,8853143121,Lincoln,IJPSG6686V,03-08-1974,000040720063,"Engineer, civil (consulting)",pbailey@example.net,ICX0709536,T4603336,ZV34721767019,,13-12-2018,AG000081,Anthony,Johnston
C00957,Robyn,Simpson,6483545862,Wien,OYDZA4933R,09-01-1973,495221391274,Film/video editor,cheryl32@example.net,,C3245103,PS79028828109,,29-08-2018,AG000046,James,Martinez
C00958,Alan,Donovan,8424221286,Milwaukee,KIVYG7423Q,29-08-1969,600087219675,"Education officer, environmental",heather24@example.org,,Z0749649,UB38036480502,,25-06-2020,AG000001,Michael,Duran
C00959,Nick,Whinter,7585688675,Innsbruck,HJOZL5910R,22-12-1986,042635396618,Naval architect,vrichardson@example.net,KHU9048571,,ML18849508425,,01-03-2020,AG000028,Kyle,Underwood
C00960,Bob,Bright,8813372552,Fayetteville,EOLBX2484G,23-06-1986,829436026683,Manufacturing engineer,benjaminkeith@example.com,WUX9867629,,QR65443238215,,01-04-2018,AG000072,Joshua,Jacobs
C00961,Barry,Furnell,7862229828,New Orleans,AXBDE6980V,11-09-1951,680919775164,Radio producer,icarter@example.net,XMU4147287,,,,16-05-2020,AG000150,Alexandra,Romero
C00962,Julius,Holmes,7853542358,Madison,KCQHC3305O,24-02-2001,574068936187,"Sound technician, broadcasting/film/video",jacquelinelove@example.net,,,,,06-10-2019,AG000015,Bradley,Anderson
C00963,Elise,Rees,9172255473,Denver,FOFRJ7035C,13-04-1970,247757377674,"Sound technician, broadcasting/film/video",iortiz@example.net,,Q6061221,JO90511190980,VS-45-281-888-676/515,07-03-2021,AG000135,Nicole,Thomas
C00964,Roger,Bullock,7263285424,Rome,BMNXP7474F,03-07-2004,992639484985,"Nurse, mental health",zruiz@example.com,CKZ1259170,,,,03-07-2020,AG000195,Michael,Lucero
C00965,Cassandra,Shaw,6654757866,Lakewood,NENKH7038A,18-03-1950,328313354379,Community pharmacist,jenniferwoodward@example.org,SOK3164569,U3586360,,,20-06-2019,AG000086,Donald,Miles
C00966,Barry,Porter,9287822444,Pittsburgh,UGDGZ1387J,07-03-1971,266539845693,Set designer,michaelsexton@example.net,ORV0023041,,,DO-02-384-840-422/380,12-01-2019,AG000040,Ann,Franklin
C00967,Lucas,Hobson,6854992696,New Orleans,DYZSU3739B,29-06-1978,038717148277,"Therapist, occupational",ritterdevin@example.com,GHI8227774,,,,25-05-2019,AG000041,Steven,Charles
C00968,Noah,Hunter,9247355377,Anaheim,BWZXB0694X,23-09-1947,433579676245,Chartered certified accountant,cameroncunningham@example.org,,,,,13-07-2020,AG000194,Mark,Johnson
C00969,Aleksandra,Whinter,7142268888,Murfreesboro,ZKHKK5444T,12-11-1980,317317355086,Cabin crew,pschmidt@example.net,PIT8568005,,,,06-02-2021,AG000089,James,Mitchell
C00970,Aisha,Parsons,9894222633,Amarillo,GLSIO1832O,09-08-1950,055670669429,Environmental manager,lisa27@example.net,,H5619782,XP85822880442,,22-02-2019,AG000022,Charles,Lucas
C00971,Rufus,Wilson,7885633333,Fort Lauderdale,LMWLS6463M,31-08-2000,275421233318,"Conservation officer, nature",jensenjason@example.org,ANV9744156,,OD15515656468,AO-89-844-603-613/635,26-07-2019,AG000197,Brian,Miller
C00972,Leilani,Glass,6715714642,Ontario,NVHDG1449D,19-07-1959,659574510693,Nature conservation officer,riceamanda@example.org,,W4849281,,,27-08-2019,AG000076,Michael,Gilmore
C00973,Jessica,Uddin,8174364683,Sacramento,EKDAE8439D,09-01-2000,878315283760,"Engineer, agricultural",lawrencemitchell@example.org,SXI1313798,Z1684859,,RP-18-398-510-406/985,06-04-2020,AG000153,Brian,Villanueva
C00974,Scarlett,Becker,8642498797,Miami,EUPVV7990X,31-12-2003,848752766988,Early years teacher,qduncan@example.org,,,,,25-03-2018,AG000004,Theresa,Kim
C00975,Jamie,Barclay,9565185822,Kansas City,BROWK0157J,23-04-1991,783522340817,Food technologist,qrodriguez@example.org,,A7340873,,WZ-18-891-092-848/088,10-11-2019,AG000162,Amy,Oconnor
C00976,Alexa,Janes,7619423852,Honolulu,WSTGH5792E,29-08-1977,367522699281,Prison officer,arielsmith@example.org,JSK8770553,A9311228,,IV-36-279-779-226/632,29-10-2019,AG000030,Jerome,Daniel
C00977,Benjamin,Windsor,7526817587,Norfolk,UQDAW2526R,23-07-1992,312409071821,Youth worker,finleyashley@example.net,RAQ6018672,,,OA-94-933-702-786/705,17-04-2019,AG000147,Christopher,Harris
C00978,Mayleen,Connor,9155755276,Hollywood,CPMHG5212Q,06-11-2003,025787186570,Advice worker,marshallheather@example.com,FXH4999155,,MJ34593445117,,25-05-2020,AG000062,David,Kelley
C00979,Maia,Walker,9954387343,Rochester,APOYS2158K,08-09-1972,978438286374,Veterinary surgeon,meyertheresa@example.com,,,,BR-73-014-636-622/976,09-02-2021,AG000141,Amanda,Jenkins
C00980,Lucy,Harrison,7676387485,Santa Ana,CWDBI2973I,04-04-1994,383784890425,Broadcast presenter,christophergreene@example.org,OZI1411192,,,,09-01-2019,AG000111,Emily,Ford
C00981,Mavis,Wigley,9828363488,Philadelphia,TQIEG8341Q,01-09-1980,162030872664,Illustrator,suttonantonio@example.org,LFV0660772,Q2962689,NX81056303901,JK-23-775-078-623/496,03-08-2020,AG000003,Sherry,Coleman
C00982,Deborah,Ainsworth,9773345528,Columbus,QRIMB4247M,13-05-1992,782352060647,Animator,robertking@example.com,SGD2379480,,,,24-05-2018,AG000137,Joseph,King
C00983,Noemi,Rosenbloom,7819889376,Long Beach,OHVSE2477I,10-03-1988,366643405454,Commercial/residential surveyor,ashley59@example.org,IDL8991880,Q5319714,,,02-05-2018,AG000020,Allison,Wang
C00984,Elisabeth,Corbett,6283623224,Fayetteville,ESYVJ3538Z,27-02-1966,924169263668,Secondary school teacher,marissahayes@example.com,,,,ZY-22-943-695-805/032,04-08-2018,AG000123,Renee,Miller
C00985,Paige,Judd,6646257377,Seattle,TWGCW7625I,17-06-1990,457083603771,Armed forces logistics/support/administrative officer,jenna27@example.com,,O2893290,TL04776283727,,06-10-2020,AG000107,Rebecca,Johnson
C00986,Barney,Dubois,7294672338,New Orleans,KPCJW8164Q,19-06-2000,868950734385,Trade union research officer,hyoung@example.org,,T6857422,,YJ-72-985-572-323/853,16-08-2018,AG000191,Anthony,Herring
C00987,Nicole,Briggs,7862142347,Salt Lake City,KEICM2034U,11-06-1971,754029853149,Metallurgist,twatson@example.org,IAE6351610,Q5914157,,QE-73-419-878-934/822,16-08-2019,AG000148,Lacey,Davis
C00988,Javier,Robertson,6414657318,Portland,HAGQO5229I,21-05-1962,111974059069,Arts development officer,mark90@example.org,NRD9859881,,,,11-02-2019,AG000095,Frank,Gonzalez
C00989,Vicky,Wild,6526423955,Wien,DEAZC5280Z,10-06-1947,691303262131,Hospital pharmacist,ericperkins@example.net,PSU0910394,Y6836991,,WS-19-381-301-402/159,21-08-2019,AG000130,Michael,Kaufman
C00990,Aiden,Daniells,7379237549,Oakland,RGEDN7948L,16-10-1999,753231780240,Careers information officer,spenceranna@example.com,,,,NH-11-178-087-475/344,04-02-2020,AG000142,Lucas,Short
C00991,Jasmine,Jones,6754228188,Fullerton,VZRDR2086J,20-03-1951,035722488040,"Embryologist, clinical",jerrybanks@example.com,HIU2363968,,,TP-52-358-438-223/697,26-04-2020,AG000011,Johnny,Sutton
C00992,Jacob,Russel,6691868485,Tallahassee,QLNQH3001A,26-05-1977,400329348503,Dentist,bruce58@example.net,,M6683078,UV29043017645,ER-95-537-690-349/112,27-12-2018,AG000173,Richard,Soto
C00993,Clint,Gates,6548797872,Worcester,UJYRN0921N,10-03-1948,254240063433,Interior and spatial designer,rshepherd@example.com,,U3878658,DM94317229020,,30-01-2020,AG000054,Karen,Allen
C00994,Aisha,Rose,6244354584,Jersey City,IKHLD3005B,08-06-1954,490307794230,Product/process development scientist,reeddevon@example.com,AKL9074437,D0059648,ZU50107502615,VI-89-745-234-004/232,23-02-2019,AG000031,Andrea,Keller
C00995,Abdul,Ellis,6568625893,Tokyo,YYXLF3102H,18-09-1993,291045579587,Location manager,brookspenny@example.com,EZN7916756,,,IT-41-434-054-348/359,25-10-2018,AG000051,Sierra,Hawkins
C00996,Marilyn,Sherry,7437379335,Miami,OHTNS6024V,15-12-1970,999306987878,"Producer, television/film/video",allenrobert@example.net,,B6265369,,,01-06-2018,AG000058,Cheryl,Gonzalez
C00997,Mandy,Oswald,8337236578,Houston,LFCIL5016Y,11-06-1987,327325336234,"Programmer, multimedia",christopher79@example.org,JBU1564496,,GR31733503005,,23-04-2019,AG000093,Emily,Coleman
C00998,Bart,Rainford,8744133798,Irving,SCBFI3833J,11-11-1943,344383384053,Food technologist,angela46@example.net,,,IU74997620061,,02-06-2018,AG000167,Jennifer,Miranda
C00999,Carla,Baker,6632734562,Otawa,GLKXH7251A,25-10-1944,638391030834,"Designer, jewellery",stephanie19@example.org,QEJ9268055,,OI95632379074,,01-06-2019,AG000013,Brandon,Williams
C01000,Rocco,Warner,8878546887,Laredo,TLWDE7630W,28-09-1965,006865752548,"Engineer, control and instrumentation",jessicacook@example.com,XNT8863358,R3702259,RF20354011477,,01-03-2020,AG000086,Donald,Miles
C01001,Hayden,Exton,8846497527,Miami,BPGAG6156J,12-01-1951,448819780494,Energy manager,ambermckinney@example.org,,,,UT-94-470-412-147/946,08-12-2018,AG000063,Savannah,Turner
C01002,Emma,Rowlands,6285938256,Orlando,YLORY0927S,03-04-2000,461528694521,Risk manager,jill48@example.com,,,FM45553144121,,25-10-2020,AG000196,Autumn,Jones
C01003,Rick,Nicolas,6113512363,Richmond,IAMUI6917B,02-07-1948,973293884126,Arts development officer,john95@example.com,SKL0371676,,MD27490547351,OY-82-331-508-449/323,29-01-2021,AG000108,Dominique,Silva
C01004,Liam,Rigg,7354629772,Kansas City,ZAWRV7142M,29-12-1996,100535585717,Marine scientist,melissaclark@example.org,,S3338276,LY88791137990,,08-03-2019,AG000059,Lori,Brown
C01005,Bethany,Robertson,6572786269,Valetta,VETWX5585Z,12-06-1943,752084913400,Trade union research officer,aliciaholmes@example.net,IJH2221667,,,,16-02-2019,AG000036,Victoria,Cooke
C01006,Madelyn,Hilton,8884516383,Bakersfield,PJGLL3109M,10-01-1969,468773602225,"Scientist, clinical (histocompatibility and immunogenetics)",sarah12@example.net,IHB5825965,K8082596,MX93114743033,TD-76-555-257-085/947,31-01-2019,AG000035,Diana,Leonard
C01007,Paige,Alldridge,9122183881,Bakersfield,RXFME9502I,10-09-1985,327611547414,Drilling engineer,mthompson@example.net,DRI3531813,I6012207,,YT-01-835-372-442/594,29-08-2019,AG000177,Mark,Glass
C01008,Janelle,Freeburn,9866959872,Bellevue,LTBYO5191H,22-01-1968,218495087370,"Engineer, maintenance",sararichardson@example.org,,,,,25-01-2019,AG000171,Christopher,Miller
C01009,Charlize,Poole,9759438448,Tokyo,ATLRV7523X,30-06-1967,090621028251,"Scientist, clinical (histocompatibility and immunogenetics)",mary44@example.com,RQG4061479,F9140905,ZC13217152700,,08-03-2021,AG000054,Karen,Allen
C01010,Macy,Anderson,8642533716,Berlin,ZNUUJ9962I,30-09-1979,930146805385,Financial adviser,fishermaurice@example.net,,F6171209,XJ40402581856,BH-14-737-251-083/031,06-08-2018,AG000018,Tina,Garcia
C01011,Leilani,Stark,6678975623,Houston,AXCOI4360F,25-03-1980,344720742704,"Runner, broadcasting/film/video",gerald90@example.com,LFR8173643,E6252324,LB67450709152,TD-34-216-764-363/945,18-01-2019,AG000031,Andrea,Keller
C01012,Ramon,Patel,8357664414,Worcester,FYLRO7290P,01-02-1966,893222930130,Research scientist (maths),courtney15@example.org,DVH3623994,Q4493905,,VT-94-059-644-516/311,15-11-2018,AG000139,Cheryl,Morales
C01013,Harvey,Archer,8248674185,Hayward,NWBMS2497M,20-11-1993,083431805988,"Administrator, sports",allisonmyers@example.com,WBC6427984,,,DD-16-980-853-674/931,15-02-2021,AG000185,Renee,Sanders
C01014,Wendy,Russel,8766479316,Lisbon,XLIOZ5002W,25-01-1979,313274446188,Landscape architect,melissathompson@example.com,NWS9784401,V7275772,AT96223490013,QQ-22-870-851-348/530,31-10-2020,AG000174,Kimberly,Smith
C01015,Candace,Webster,8685737462,Houston,UGSVG7309S,21-05-1948,075329895286,"Engineer, manufacturing",jreyes@example.com,,U8978382,,,21-01-2020,AG000061,Robin,Robinson
C01016,Doug,Reynolds,9257328865,Paris,BIQCT4628R,04-03-1997,045082511407,Barista,james06@example.org,,P9885372,TA84383879982,MZ-69-285-162-960/304,13-05-2020,AG000039,Nancy,Young
C01017,Noah,Healy,8674335322,Tokyo,MSAXZ7899K,01-02-1961,823738595980,Sports therapist,justin01@example.net,VSR0324688,R9767809,JC75722452618,RX-97-353-905-911/776,26-11-2020,AG000162,Amy,Oconnor
C01018,Joseph,Dann,8275622882,Worcester,MBMBB0901H,04-04-1982,852298645095,Actor,edward40@example.net,GSZ5250842,,DZ72791632784,IL-84-869-127-597/038,05-05-2019,AG000142,Lucas,Short
C01019,Rebecca,Parker,9588488335,Houston,RRJQF9696V,30-08-1950,959477216362,Rural practice surveyor,anthonybarton@example.org,RNJ2836216,B7358716,SN64712447820,,29-09-2018,AG000113,Terri,Anderson
C01020,Carl,Lyon,9373379854,Madrid,UTBFY0821Q,29-03-1962,290673101929,"Buyer, retail",xgrimes@example.com,LER6824941,,RQ90861175066,,28-04-2019,AG000066,Melanie,Young
C01021,Michael,Willson,6238675723,Milano,IPPVO5501V,17-03-1949,533038071543,"Engineer, maintenance (IT)",irios@example.org,IEH0209270,,,ZZ-61-038-145-493/995,03-06-2020,AG000015,Bradley,Anderson
C01022,Chanelle,Reading,6467268725,Madrid,DFNSW1922P,26-05-1945,207986982265,"Nurse, mental health",karakline@example.com,,M1033118,,,11-08-2018,AG000044,Derek,Hunt
C01023,Phoebe,Mcguire,9283382357,Washington,VJFGK2643C,20-09-1968,620998217624,Farm manager,jpierce@example.com,,V7717178,,YI-05-096-835-056/124,19-02-2019,AG000027,Abigail,Cabrera
C01024,George,Wright,9581674332,Oakland,XBNDH7452T,22-10-1962,345468467721,Medical sales representative,kelly62@example.org,AXD9596040,,XJ99517323756,,08-12-2019,AG000166,Heather,Taylor
C01025,Jasmine,Wilde,9215944885,Wien,WTZZP1835A,20-03-1991,082909886830,Translator,rbrown@example.org,ATR1376735,X3308901,,,05-01-2019,AG000177,Mark,Glass
C01026,Jack,Allen,7748828653,Salt Lake City,DRTLQ8871X,04-10-1964,547389879173,Commercial/residential surveyor,vdaniels@example.net,NMW9279376,,GV02852321715,,17-05-2020,AG000053,Heather,Boone
C01027,Florence,Ventura,8872646873,Madison,TXBWC3603Z,05-02-1961,025415314834,"Engineer, control and instrumentation",xbarton@example.net,,V1212651,,LE-01-248-507-617/102,30-07-2020,AG000074,Whitney,Brady
C01028,Ryan,Taylor,9568985328,San Bernardino,EJHHI9929S,14-09-1967,219572307109,"Engineer, manufacturing",foxmorgan@example.com,,U6782466,,VY-37-030-254-828/975,27-06-2020,AG000073,Joshua,Thomas
C01029,Isla,Jones,9123122317,Memphis,TPURN9088K,10-02-1974,151663677328,Marketing executive,uwilson@example.org,NMQ8547434,,EO70802456272,KV-46-806-107-263/531,03-06-2019,AG000015,Bradley,Anderson
C01030,Evelynn,Uttley,8759484412,Valetta,UTZFE2436Z,17-08-1967,699405363595,Multimedia specialist,jeremybaker@example.net,,T9781039,GU19727642263,ZY-30-560-875-699/473,08-12-2018,AG000015,Bradley,Anderson
C01031,Alma,Vangness,6822178777,Milwaukee,MQROD7745C,07-07-1997,203369558893,Occupational psychologist,jeffreybryant@example.net,HFP2199834,M2726522,DQ10672495332,,30-01-2021,AG000072,Joshua,Jacobs
C01032,Julius,Ripley,7728783887,Milwaukee,WHMIX4181M,04-11-1974,736419704321,Barrister's clerk,tgarcia@example.com,,U8480314,,,05-03-2019,AG000041,Steven,Charles
C01033,Lynn,Broomfield,8421347592,Lancaster,RSTCX2166A,18-11-1972,342109439376,Product designer,bhawkins@example.com,,X6635014,UX88290760253,,20-06-2019,AG000039,Nancy,Young
C01034,Valentina,Driscoll,6656685394,Miami,TRNKR6575H,26-09-1946,544221722896,Adult nurse,thomaspierce@example.net,EXQ2928315,D2308940,LP32236433591,KT-98-591-558-187/238,07-06-2018,AG000024,Eric,Arnold
C01035,Carl,Wright,6447779873,Cincinnati,IHPBS5674D,29-12-1992,967901679461,"Designer, graphic",pcabrera@example.net,,,,,01-04-2019,AG000045,David,Ochoa
C01036,Julia,Rodwell,8679246998,Salem,BLURE2317B,01-08-1951,352579268180,"Scientist, biomedical",caitlin36@example.org,,,,,12-12-2019,AG000116,Elizabeth,Williams
C01037,Elijah,Walker,7387557818,Louisville,EIAIZ3435E,13-06-1993,640524309098,Licensed conveyancer,stewartnicole@example.com,OHD7590392,,,TW-77-079-227-306/054,09-08-2018,AG000193,Kyle,Mcmillan
C01038,Denis,Cobb,6968562311,Memphis,CHAHR0994V,05-09-1987,859142365967,Economist,kennethsmith@example.com,QXV0924692,,NX69004463210,,08-02-2020,AG000103,Marie,Andrews
C01039,Harmony,Sherry,9244813917,Baltimore,VFANM1091V,07-07-2004,180776435161,Immigration officer,justincarr@example.org,,,ND23210313472,,27-05-2019,AG000137,Joseph,King
C01040,Savannah,Hammond,8394683685,Henderson,PUUQI3135Q,21-08-1993,626831529903,Sub,bakercurtis@example.org,,E9394066,,CA-91-578-362-495/474,28-12-2018,AG000177,Mark,Glass
C01041,Hank,Jarvis,6115622462,Innsbruck,HBZEG4342X,27-06-1947,607033117732,Pharmacologist,allensarah@example.org,YXJ0746980,U1115496,,HJ-18-397-416-632/442,23-02-2019,AG000112,Curtis,Singleton
C01042,Lucas,Wilton,8364691636,Irving,IGGIM2354R,05-05-1957,112245379598,Press photographer,joy44@example.com,KEI5269242,P8760210,NS40410921652,,16-08-2018,AG000046,James,Martinez
C01043,Tyson,Hobson,8153739154,Lancaster,YNGJW2563C,28-04-1987,766546262387,Midwife,michaelmiller@example.net,LOQ5044532,,,,12-07-2018,AG000191,Anthony,Herring
C01044,Eryn,Morris,6558423656,Springfield,TMPHQ0978M,22-09-1975,253477701014,"Engineer, land",alexis99@example.org,,,,,27-04-2020,AG000093,Emily,Coleman
C01045,Payton,Stanley,8118679325,Chicago,JPLON0978C,22-12-1994,996105241378,Orthoptist,xbrown@example.net,JJY4583930,S3649205,XT83110732115,RK-77-028-583-443/117,08-07-2020,AG000106,Christine,Oconnor
C01046,Regina,Stone ,7379367322,Arlington,NBSTI3077N,16-01-1991,229644065359,Materials engineer,jsmith@example.net,,,DC87255432657,EU-67-066-866-049/384,05-04-2020,AG000104,Thomas,Tate
C01047,Rae,Jackson,8812872727,Kansas City,MWHUF5436I,06-06-1942,877708013032,Public relations account executive,scott89@example.com,FBC3614032,N8003044,,FV-23-421-904-177/143,10-02-2020,AG000078,Jeremy,Bauer
C01048,Lara,Page ,9655842386,St. Louis,LUTDE4463N,31-12-1993,059127212657,"Embryologist, clinical",bryansmith@example.org,JAN5237474,E0368931,,,04-11-2020,AG000107,Rebecca,Johnson
C01049,Scarlett,Waterhouse,9362554364,Escondido,AWVNL1011W,28-03-1995,706685929343,Public relations officer,qreynolds@example.net,,Q2979325,UM00620044497,EN-83-112-236-848/478,16-11-2019,AG000047,Jennifer,Weeks
C01050,Josh,Mccormick,6798225623,Hollywood,JSZAH1467E,16-08-1947,090714037638,Energy manager,powelljerry@example.org,,,,,04-03-2020,AG000059,Lori,Brown
C01051,Celia,Preston,7656464535,Arlington,TSLDQ5573L,15-11-1978,791939413442,"Scientist, product/process development",oreed@example.com,RTN0711408,B6706242,EG34428021674,SB-83-613-556-158/116,16-09-2018,AG000195,Michael,Lucero
C01052,Freya,Palmer,9325858591,Berlin,UFEQE7381T,01-02-1950,668749780888,Rural practice surveyor,tranthomas@example.org,MEV0854231,,GK30666055369,HJ-17-622-330-730/105,16-08-2018,AG000077,Megan,Ramirez
C01053,Elijah,Malone,9346687335,Laredo,EIMSB5808Z,27-04-1967,940802118439,"Programmer, systems",jennajohnson@example.org,,Z4755177,,QG-88-362-185-003/673,30-11-2020,AG000096,Donald,Brown
C01054,Greta,Pickard,6987269334,Glendale,UICDH7093J,02-01-1993,632400322561,Production manager,ochoawanda@example.org,CEZ6436407,U7295351,,,05-03-2021,AG000017,James,Scott
C01055,Barney,Poulton,6242757529,Fort Lauderdale,YLXDM1331L,19-07-1947,112479077296,Retail buyer,tammy00@example.net,,,,,13-10-2018,AG000097,Angela,Gonzalez
C01056,Maxwell,Willson,9368768255,Stockton,DCTOG0040J,23-10-1953,125469096346,"Restaurant manager, fast food",sarameyers@example.com,EAV2783544,V4828124,,,12-02-2020,AG000078,Jeremy,Bauer
C01057,Michael,Tutton,7556261687,Springfield,HUPUO7218V,14-11-1961,169957338418,Sub,oneilljeffrey@example.org,,A0812422,EY51211806579,,09-03-2019,AG000192,Robert,Conrad
C01058,Owen,Fox,9436757556,Madrid,ZUZOY5591R,27-06-1948,833685059544,Theatre manager,andrewseric@example.org,PSS2376963,Q3984742,,KK-89-891-474-585/165,12-01-2019,AG000011,Johnny,Sutton
C01059,Carla,Appleton,8152554882,Paris,IZYOJ8040L,01-09-1946,039000358197,Advertising account executive,francisco01@example.com,,W0602191,NV33934996944,,25-11-2018,AG000035,Diana,Leonard
C01060,Bernadette,Ainsworth,8577782564,Otawa,EXHEU6570R,13-12-1944,971532225201,Medical sales representative,turnercarlos@example.net,ZSU3509462,,NS45451723198,GD-96-477-690-301/973,04-10-2020,AG000069,Nicole,Wade
C01061,Luke,Boyle,7215581522,Salem,OPXWU5122Z,11-11-1976,607946476583,Chemical engineer,zachary36@example.net,WLM3568650,,,,22-06-2018,AG000196,Autumn,Jones
C01062,Roger,Tanner,8445975222,Moreno Valley,AQPNA9097X,25-09-1970,843146799366,Chief of Staff,thomas37@example.net,,A8387741,YI46086143295,,17-05-2019,AG000132,Stephen,Alvarado
C01063,Angela,Wills,8825836294,Tulsa,YDOUQ4456K,10-06-1978,115377190228,"Engineer, water",meaganbailey@example.net,,J9968622,CT49183200426,,12-10-2018,AG000113,Terri,Anderson
C01064,Chadwick,Rowan,6427535744,Anaheim,DCFME1873G,15-11-1956,289101164322,Teaching laboratory technician,andrea30@example.com,ADL1448921,X0069399,,XM-60-917-067-030/166,02-01-2021,AG000108,Dominique,Silva
C01065,Gladys,Forth,7258621657,Miami,FIYGT5961F,07-12-1982,344153473281,Recycling officer,ronald50@example.com,ILW2007591,D6652322,,CS-07-786-457-009/048,29-11-2019,AG000070,David,Nunez
C01066,Manuel,Avery,6299518875,Phoenix,XSPVQ4899F,26-10-1995,526481845136,Medical physicist,taylormark@example.org,,,UC49208408153,NL-80-996-820-662/556,13-04-2020,AG000065,Anna,Roberts
C01067,Rachael,Greenwood,8855537834,Santa Ana,ANRRH5312Q,21-04-1971,634504324953,"Lighting technician, broadcasting/film/video",kara64@example.org,DDH4691860,T8632125,,,19-04-2018,AG000183,Johnny,Solis
C01068,Manuel,Haines,7855869842,Moreno Valley,MPPTB4456S,17-01-1991,079052408222,Broadcast journalist,fdyer@example.org,YEH7558647,Z6323427,ZH43216904884,,23-02-2020,AG000160,Patricia,Baker
C01069,Chris,Waterhouse,6794825153,Irving,NONTH3593T,27-12-1942,485296204153,Fitness centre manager,vanessawilliamson@example.org,,,NA24775724995,VZ-93-342-839-123/902,26-09-2018,AG000161,Sandra,Murray
C01070,Ronald,Edler,8162439545,Ontario,KWJJT0476V,17-10-1942,152532887546,Exercise physiologist,kevinsimmons@example.net,QEI4060715,,,,15-11-2019,AG000107,Rebecca,Johnson
C01071,Gwenyth,Cartwright,7376483552,Tulsa,OCOBY5074S,07-09-1947,759293747382,"Designer, fashion/clothing",marymiddleton@example.com,OYU2577658,,,,26-07-2020,AG000143,John,Bartlett
C01072,Alan,Cork,8486688846,Denver,XRCDS4421N,18-12-1989,168867169352,Film/video editor,melissalindsey@example.org,,M5928560,,,05-02-2020,AG000027,Abigail,Cabrera
C01073,Bart,Robertson,8175244671,Washington,HKWQS8477O,08-05-1975,651792951068,Freight forwarder,mprice@example.org,CHV6371777,B0675606,RV47245023691,GK-14-246-334-720/190,01-01-2021,AG000159,Isaac,Osborne
C01074,Harvey,Reynolds,6562883781,Berna,QMIGM3389U,01-09-1970,060362110091,Set designer,bairdaustin@example.net,,B7241770,UV43760081399,,14-02-2021,AG000090,Jacob,Griffith
C01075,Maxwell,Tyler,7264666841,Los Angeles,HTCAX3734M,01-08-1974,594598012189,"Designer, jewellery",michaelcooper@example.net,,,,,09-11-2018,AG000050,Brandy,Ramirez
C01076,Tyler,Stuart,9262848795,Irving,COIKC0454V,27-02-1984,096717184017,Public relations account executive,brianwagner@example.org,,M0335051,,VJ-97-710-645-309/938,27-02-2021,AG000140,Michelle,Sherman
C01077,Isla,Bailey,8413295477,Albuquerque,VMNIQ0851Q,20-03-1968,339928796450,English as a second language teacher,ryan30@example.org,,J1668181,,,22-10-2018,AG000100,Tiffany,Robertson
C01078,Sonya,Redfern,9423589453,Phoenix,YEJNM0674V,23-08-1993,917241025842,Interpreter,martinezdalton@example.com,HAB3005525,N5791125,SH36974903192,,15-02-2021,AG000147,Christopher,Harris
C01079,Payton,Gunn,8572885466,Tallahassee,WLBKQ6339I,15-04-1997,356431771525,Health visitor,henryburton@example.org,,N4904164,KR26685619247,,08-01-2021,AG000084,Matthew,Moore
C01080,Logan,Rixon,7157866437,Paris,EFEIE7346P,17-11-2003,495280855871,Ecologist,johnwells@example.net,YJJ9244849,G9728828,HH68537950787,NV-72-445-911-462/273,23-10-2020,AG000074,Whitney,Brady
C01081,Clint,Pickard,8183228713,Innsbruck,HLAFT6776L,10-08-1993,365894747195,Petroleum engineer,tnewman@example.org,OXE7738446,I3168747,SH73463900407,SH-29-340-339-503/558,24-10-2018,AG000132,Stephen,Alvarado
C01082,Jacob,Bell,9772795586,Lyon,ZKKNG4454B,01-07-1954,499320939102,"Psychologist, occupational",bradleypratt@example.com,IMN9375021,A0943204,,FA-71-565-568-106/427,21-10-2020,AG000160,Patricia,Baker
C01083,Tania,Reid,8326222737,Henderson,URUYG9092F,29-09-1954,142050339527,Therapeutic radiographer,andrea91@example.com,,H5726580,,,24-05-2018,AG000147,Christopher,Harris
C01084,Caleb,Wellington,8124678653,Fremont,CWHKQ6171S,28-09-1983,905994782665,"Engineer, maintenance",scott58@example.org,ZEA6696121,,,,21-08-2020,AG000133,Tracy,Anderson
C01085,Megan,Torres,9665574368,Murfreesboro,CYVMH3679H,18-11-1961,474370378252,Ranger/warden,stuarthernandez@example.net,UAO6706379,,,,21-01-2021,AG000074,Whitney,Brady
C01086,Allison,Irving,6977771437,Rome,QFJKS4053U,18-08-1973,420781509984,Arts development officer,christianrichardson@example.org,,,LV94658017988,OS-84-160-014-071/273,14-03-2018,AG000192,Robert,Conrad
C01087,Rocco,Stone,7433862561,Las Vegas,VJLEX3298Z,16-09-1979,446888184358,"Journalist, magazine",garciaomar@example.org,DON5155436,J0201278,LO35088724804,,02-08-2018,AG000041,Steven,Charles
C01088,Eileen,Palmer,8871369343,Innsbruck,CTTRR4544S,28-10-2002,343258423981,"Administrator, sports",nicole41@example.com,,,TK03255348140,UM-08-953-886-368/158,31-07-2019,AG000119,Crystal,Whitehead
C01089,Martin,Emmott,6546823766,Charlotte,OCIOK0470F,13-09-1947,253974151899,Intelligence analyst,michael05@example.com,,,TB37433249312,DC-25-831-553-324/275,13-07-2020,AG000174,Kimberly,Smith
C01090,Wade,Talbot,7632864449,Berlin,BOSBW9795A,04-01-1948,080734422891,Social worker,wtaylor@example.net,,,AH20142253661,OD-38-767-586-543/981,27-01-2020,AG000065,Anna,Roberts
C01091,Danny,Mcgee,7872151263,Denver,XOPRD9773T,02-03-1956,964209393953,Politician's assistant,kristen55@example.net,ZVF4609983,W1021222,ZY51212171989,,10-06-2019,AG000179,Jeffrey,Hill
C01092,Gwen,Vaughan,7225645334,Milwaukee,MNPVI0240K,03-07-1969,651939236843,Arts administrator,kmcclain@example.com,UEZ3255519,X3803400,,,03-09-2018,AG000035,Diana,Leonard
C01093,Carl,Price,6329351756,Reno,DCQXQ0406M,04-12-1948,461148763955,Statistician,brandon95@example.net,,A6059891,,,25-02-2019,AG000196,Autumn,Jones
C01094,Louise,Adler,7422764233,Norfolk,UVJUN6142E,09-09-1955,984863107782,Investment analyst,bakerbrooke@example.com,AVC3688706,S7859210,OM54285427181,,10-06-2019,AG000173,Richard,Soto
C01095,Emely,Roberts,6634145236,Murfreesboro,CWMRQ1263R,03-10-1990,849430343050,"Investment banker, corporate",sonya42@example.com,,,KY31451626678,,27-11-2019,AG000166,Heather,Taylor
C01096,Kurt,Alcroft,8253233823,Arlington,ZTESL4124N,21-01-1953,871892042942,"Engineer, automotive",ashley83@example.org,,,,FQ-60-799-778-842/331,15-11-2019,AG000135,Nicole,Thomas
C01097,Lara,Gibson,7893555481,San Diego,IRYGR4989X,24-11-1949,542075396111,Further education lecturer,rogersjean@example.com,,,TX62691451752,,27-04-2019,AG000163,Mary,Boyd
C01098,Sofia,Neal,8186645764,Madison,NCKHR6144Z,27-02-1998,090542842213,Brewing technologist,qdominguez@example.org,,,AR66748529485,PB-59-229-883-912/714,08-11-2018,AG000030,Jerome,Daniel
C01099,Callie,Ross,7724271877,Hayward,XBXBZ9608K,18-05-1973,323837460818,Operational researcher,salazarlorraine@example.net,,,,ON-02-678-724-627/028,12-06-2020,AG000014,Grace,Christensen
C01100,Nick,Dallas,6729419685,Worcester,CPLUV6339T,23-10-1967,990945700049,"Psychologist, educational",mariostanton@example.org,,,,UG-57-852-139-374/302,24-03-2020,AG000036,Victoria,Cooke
C01101,Dakota,Varley,9476751655,Charlotte,AOROS8131O,31-07-1989,580361811226,Youth worker,courtney50@example.net,VAB9029664,G1375963,WX42671776908,ZT-09-814-812-498/618,02-06-2018,AG000180,Andrew,Baker
C01102,Enoch,Barclay,8356655337,Jacksonville,SMIKX6711S,21-06-1978,392873590675,"Psychologist, prison and probation services",andrew54@example.net,GEU8110110,,SL43147186273,IF-07-818-805-996/927,26-12-2018,AG000134,Crystal,Griffin
C01103,Dani,Utterson,8245975884,Murfreesboro,WMKNU2375A,21-10-2001,886994821933,Museum education officer,smithedward@example.org,,M2305524,ZN73959679190,,24-04-2019,AG000029,Emily,Salazar
C01104,Eve,Holt,7772293636,Henderson,UFHBW1553V,25-06-1996,553400331063,Theatre stage manager,lcaldwell@example.net,XBU9264060,,,,12-05-2020,AG000055,Jason,Young
C01105,Anne,Edler,7654357417,Albuquerque,CATSA3400R,01-06-1980,354882079394,Firefighter,justinlyons@example.com,,,EG04026287150,,11-01-2019,AG000161,Sandra,Murray
C01106,Helen,Veale,8888554124,Dallas,ABZAC5960S,08-11-1942,797426680358,Financial trader,alyssawashington@example.net,OPW9423049,Q9018424,HT08822202327,,14-05-2018,AG000058,Cheryl,Gonzalez
C01107,Percy,Rigg,6891865127,Boston,VNUFU3410S,06-04-1976,990705141083,Retail banker,kaylacarroll@example.com,KPL6447168,C7699965,CT55487641985,KZ-19-128-248-404/387,27-12-2019,AG000090,Jacob,Griffith
C01108,Felicity,Vaughan,6144387422,Indianapolis,NYLZJ4143I,24-05-1987,244579005014,"Designer, ceramics/pottery",kristenstephens@example.net,ANU9241630,Q7791239,DC53643136843,,13-10-2019,AG000061,Robin,Robinson
C01109,Daniel,Driscoll,6594226536,Philadelphia,EQSQB3105E,04-09-1995,475693590406,"Engineer, structural",michael07@example.org,GCW7583561,,VR44590116528,,25-04-2020,AG000088,Caroline,Martinez
C01110,Rosalie,Rose,9959172335,Stockton,KZMMP7626O,23-03-1945,753769883345,"Copywriter, advertising",louiswade@example.org,,,IQ17062834654,PC-32-045-430-527/863,03-06-2019,AG000098,Ruben,Jimenez
C01111,Benjamin,Morgan,6776442186,Huntsville,ENIFO0733Z,30-07-1991,306351167125,Theme park manager,zskinner@example.net,XXX6164521,J4167784,ND86570642759,,02-11-2018,AG000200,Brian,Ramos
C01112,Bernadette,Benfield,6482767855,Stockton,AANDN6004R,18-09-1949,940634614320,Art gallery manager,elizabeth99@example.com,,S8274863,GR56756073610,,24-07-2019,AG000081,Anthony,Johnston
C01113,Audrey,Allington,6721312386,Jacksonville,ZAORB6094O,31-01-2002,963764278256,"Physicist, medical",hernandezvickie@example.com,CWW3895547,,,ZT-19-177-365-119/443,17-01-2019,AG000044,Derek,Hunt
C01114,Adelaide,Rigg,6529967882,San Jose,KZEIK5462L,07-11-1979,114718459607,"Psychologist, clinical",jamescastillo@example.net,UYX6401789,,AO12712238651,,22-10-2020,AG000057,Beth,Cobb
C01115,Doug,Bentley,6644521428,Tallahassee,VJTPV6747H,15-09-1974,639457137682,Early years teacher,robert67@example.com,JNL6149455,,NR97603664850,,17-09-2018,AG000053,Heather,Boone
C01116,Nick,Woods,8276951897,Fort Lauderdale,KVGRG1442Z,04-09-1942,319417308630,"Journalist, newspaper",nathaniel70@example.com,YFF8661645,,,,16-01-2020,AG000191,Anthony,Herring
C01117,Naomi,Walker,9348225636,Hayward,KIJIP3853F,14-11-1984,820079763192,"Surveyor, minerals",torresteresa@example.org,AME8158512,,,,04-12-2020,AG000075,Lauren,Walker
C01118,Hope,Morris,7478258512,Otawa,YPXFP1781R,02-05-1994,585919837037,Radio broadcast assistant,waynewells@example.net,,,PR98111706008,,08-07-2019,AG000005,Karen,Ray
C01119,Tony,Lomax,6244271724,Richmond,ENJUO6219J,15-10-1947,515729069470,Broadcast engineer,angelacastillo@example.net,,Y4011204,SI67601305636,XO-92-799-808-247/046,25-05-2019,AG000154,Gregg,Martinez
C01120,Violet,Uddin,7474536652,Indianapolis,TDHWR7449A,28-08-1988,231848776735,Contractor,batesrussell@example.net,,,,PV-71-694-425-251/864,04-08-2019,AG000122,James,Mendoza
C01121,Ron,Dickson,6368558463,Lakewood,VAJLV6311H,23-07-1986,561301072128,"Civil engineer, contracting",ismith@example.org,JSV6305241,S7404273,WN35467489019,,14-09-2018,AG000082,Brian,Gray
C01122,Fred,Jennson,7432842391,Honolulu,AGBBB2607C,24-02-1994,613056177337,"Teacher, adult education",amy10@example.net,,X5206974,JW27133745000,,26-03-2019,AG000112,Curtis,Singleton
C01123,Mike,Tyrrell,7512178686,Salem,VGMYP1041K,12-02-1978,710779160634,Museum education officer,breanna42@example.org,CVV6051477,D6725684,,,15-05-2019,AG000081,Anthony,Johnston
C01124,Trisha,Ross,7226645642,Jersey City,FDICB1579K,23-08-2001,821761057748,TEFL teacher,ulopez@example.net,MUD9832697,,UK40410793735,,06-11-2019,AG000113,Terri,Anderson
C01125,Chad,Farrow,6346427418,Stockton,IZQBM3348N,18-12-1959,258368105132,IT technical support officer,benderderrick@example.org,LPT6796157,,EW81479531766,XQ-60-881-129-955/314,24-11-2020,AG000113,Terri,Anderson
C01126,Bethany,Payne,9672475553,Saint Paul,MHDAW1078G,26-08-1965,796764320578,Probation officer,gary46@example.com,,A9745238,QO79295051811,,05-11-2019,AG000123,Renee,Miller
C01127,Jacob,Wooldridge,8576159291,Ontario,DECVJ5291O,28-02-1997,288767046334,Learning mentor,ndennis@example.org,,R9280498,KB48731157505,,21-07-2020,AG000156,Christy,Mullins
C01128,Owen,Watson,6358975842,Toledo,IMDHZ7813N,25-11-1945,495417086543,Careers adviser,ashley32@example.org,,,IA56215746150,,20-07-2020,AG000004,Theresa,Kim
C01129,Doug,Clayton,7492456464,St. Louis,MSLHK3140W,02-01-1969,542228043316,Pathologist,anitajones@example.com,,,,,22-10-2018,AG000148,Lacey,Davis
C01130,Adeline,Fields,9655855794,Bakersfield,QUVXF5373L,07-12-1988,646927426990,"Programmer, systems",tamara27@example.net,,,LE99182476655,PM-88-940-927-106/205,29-07-2018,AG000125,Debra,Henry
C01131,Angelique,Ramsey,8963538435,Portland,AZFIA7715L,06-07-1960,016605368307,"Secretary, company",wilsondavid@example.org,HFR6435052,C9575951,FS80314637470,,08-04-2018,AG000071,Kyle,Jones
C01132,Mayleen,Power,9372665568,Innsbruck,JFIUA1152D,17-10-1956,594056157337,"Designer, multimedia",zachary80@example.org,,E0759202,OI70287723651,,04-12-2018,AG000163,Mary,Boyd
C01133,Brad,Shea,8638944838,Berlin,LMMIX7829D,14-01-1993,071339183578,Teaching laboratory technician,emily45@example.com,SDG7008385,,TT47531740395,NK-60-697-829-233/999,26-11-2020,AG000037,Sonya,Garcia
C01134,Harriet,Emmott,8821178286,Madison,YBLOI6596V,31-05-1963,875089007672,Multimedia programmer,jbrown@example.net,QJM7942892,L2558450,,GY-22-074-136-376/112,04-05-2019,AG000005,Karen,Ray
C01135,Rosie,Yoman,9535648226,Madrid,QLGCE2082D,12-01-1961,059749601172,"Therapist, horticultural",rogersamber@example.org,JQR4914094,F6552211,,,02-09-2020,AG000197,Brian,Miller
C01136,Tony,Notman,9827742323,Chicago,ZTRGY6883U,19-07-1988,573642314137,Transport planner,brianlewis@example.org,ORZ4659790,O3126441,,,05-08-2020,AG000016,Robert,Burns
C01137,Belinda,Logan,7232241777,Irving,XUQIG5631R,12-06-1946,248047264557,Communications engineer,scott50@example.net,,,KA36195969085,JD-33-659-048-700/676,06-07-2018,AG000188,Maurice,Mathis
C01138,Rocco,Brock,9442395954,Sacramento,CWMXE9841C,26-05-1954,820836973319,Production manager,stephen04@example.org,,G4346762,,TA-52-659-525-298/238,12-12-2020,AG000194,Mark,Johnson
C01139,Matt,Warden,6437743546,Salt Lake City,LWLXK0531W,12-04-1999,002566074831,Field seismologist,hector20@example.net,VDB6937562,,QS41001404190,,11-04-2019,AG000034,Mary,Hill
C01140,Angel,Lindsay,6276958837,Glendale,JRFWO9829C,06-02-1967,887673041640,"Solicitor, Scotland",joseph87@example.net,,,,,17-10-2020,AG000079,Jeffery,King
C01141,Kamila,Webster,6458222356,Berlin,ZGIXG6647L,15-04-1988,183304376714,Mechanical engineer,alexander12@example.org,,Z5401462,MI24947319642,CF-76-484-105-720/598,22-07-2019,AG000053,Heather,Boone
C01142,Sofie,Pratt,9795424837,Innsbruck,QTGQR0161D,06-08-1950,511582223255,Secondary school teacher,samantha45@example.net,FSI2877138,,,,23-12-2018,AG000017,James,Scott
C01143,Tyson,Lyon,9368451142,Oakland,HHYSK9244L,06-02-1988,969139485363,"Scientist, research (maths)",erinhamilton@example.net,,,,ZD-01-468-850-351/312,15-01-2019,AG000066,Melanie,Young
C01144,Ramon,Richardson,7444571567,Innsbruck,NDYTW1754S,23-07-1983,963113447704,Make,perryjames@example.net,,,ED23519910931,,11-12-2018,AG000117,Aaron,Mitchell
C01145,Alexa,Kirby,7665636369,Oakland,EMFZO9711N,17-05-1959,520808747544,Early years teacher,lindawilliams@example.org,XTU9673751,,,TT-17-867-088-256/448,10-08-2018,AG000053,Heather,Boone
C01146,Nathan,Buckley,8765474877,Laredo,QFHAA7256W,11-06-1991,504999967918,"Radiographer, therapeutic",ofarrell@example.org,,,JN80018271708,,14-12-2018,AG000014,Grace,Christensen
C01147,Darlene,Gordon,7772348667,Prague,AETAE2260Z,08-03-1983,650913926859,"Horticulturist, commercial",reginaedwards@example.com,,Q9851904,LG80102651061,TO-64-727-625-706/288,15-11-2019,AG000129,Denise,Murray
C01148,Ethan,Lee,9516326243,Milano,ZKCGZ8750L,01-12-1989,536277454122,Site engineer,nbutler@example.com,WPF0468859,F8563234,,,16-05-2020,AG000119,Crystal,Whitehead
C01149,Rufus,Rowlands,8882899257,Bakersfield,FRTKU4199L,14-05-1994,369872656135,Teaching laboratory technician,kelsey43@example.org,QMQ1748054,C0136621,DY69338980796,,29-04-2019,AG000050,Brandy,Ramirez
C01150,Morgan,Fox,7573482577,Columbus,YGMNH7090L,15-05-1958,636606810830,Data scientist,fray@example.net,KNT8761867,,JI03826097504,XU-86-821-848-829/775,01-11-2018,AG000122,James,Mendoza
C01151,Greta,Windsor,8929162265,Tallahassee,HFBLJ6877K,02-01-2003,771862784677,Trading standards officer,ann88@example.org,,B3306509,LK19034523644,XA-70-042-457-018/197,07-06-2018,AG000080,Christopher,Rodriguez
C01152,Maia,Darcy,6564435626,Bakersfield,XBHAK2067B,28-02-1956,238817730780,Electronics engineer,gstevens@example.com,,,QV50251734690,YI-67-951-039-899/012,05-11-2019,AG000057,Beth,Cobb
C01153,Rufus,Stone,8717123222,Bucharest,SIVLE0657Z,15-04-1979,637829682351,Ceramics designer,rgomez@example.com,QUY8800537,N5268798,MV09126009952,LY-73-835-996-300/241,08-04-2020,AG000040,Ann,Franklin
C01154,Nate,Flett,9454282878,Huntsville,QZYXS9924C,29-06-1944,817345112037,"Education officer, community",donna17@example.com,GSB0025753,T2501130,,VT-21-491-580-065/821,07-01-2021,AG000004,Theresa,Kim
C01155,Emmanuelle,Shaw,8732292364,San Jose,DDABP9177Q,03-01-1977,890225272526,Wellsite geologist,michael03@example.net,,D7335747,,,19-03-2018,AG000179,Jeffrey,Hill
C01156,Naomi,Miller,7796622884,Oklahoma City,ZDCMG4540D,13-03-1974,304704000265,Osteopath,amber88@example.com,,I9550554,LY97121483222,HI-90-744-945-985/480,09-03-2019,AG000155,Sandra,Hale
C01157,Vivian,Logan,9839333535,Oakland,PEWJX6565H,28-01-1964,391536360884,Advertising art director,maciasralph@example.org,FTZ4595470,R2687587,SO08662890415,,25-02-2020,AG000010,Danielle,Wilkins
C01158,Jocelyn,Butler,7248846172,Rome,NCFRQ9398E,10-03-1963,425688964328,Environmental consultant,tnelson@example.com,EYA5942100,T5696888,,VY-09-130-193-883/933,15-03-2019,AG000135,Nicole,Thomas
C01159,Jamie,Mullins,7974781428,Worcester,YQBUR1532Q,24-04-1959,708189088003,"Psychologist, prison and probation services",qmoore@example.org,,,,,08-12-2018,AG000018,Tina,Garcia
C01160,Zara,Griffiths,8898537866,Fayetteville,YOUUO7610Q,24-01-2002,440372866581,Furniture conservator/restorer,rebecca67@example.net,,,,,31-05-2018,AG000182,Christopher,Suarez
C01161,Julian,Nurton,9667825273,Omaha,YLXIC5693V,05-10-2001,391437536361,Building surveyor,jeffrey84@example.com,WOS9999965,F5960117,,,16-10-2018,AG000180,Andrew,Baker
C01162,Brad,Grey,8473785334,Laredo,KSUEY5179F,25-09-1949,141600923405,IT consultant,kimberly11@example.com,SOH7414031,M3025748,,KL-30-967-045-189/962,25-02-2021,AG000136,Nathaniel,Best
C01163,Tony,Sawyer,9777794364,Bellevue,MEQLP3061C,26-10-1981,820796507018,Musician,xboyd@example.net,,O3980387,,HT-50-968-003-785/505,29-10-2018,AG000182,Christopher,Suarez
C01164,Nathan,Cattell,9587431642,New York,JHRSZ4877J,03-11-1968,511012190096,Air traffic controller,vasquezheather@example.com,,,XW90949452510,,31-12-2020,AG000190,Scott,Lewis
C01165,Jamie,Huggins,9836324544,Wien,EPTYA6660U,07-04-1987,267425349039,Volunteer coordinator,isaiahbradley@example.org,MSQ6039660,,,,24-03-2018,AG000186,Dustin,Fuller
C01166,Matthew,Mason,7897533546,Chicago,RVLEF4582W,02-08-1998,390857117977,Meteorologist,bwilliams@example.org,XGH9249524,,,,08-07-2018,AG000106,Christine,Oconnor
C01167,Maia,Pearson,6287392657,Salt Lake City,QSOOI7357I,21-09-1966,581214132672,Sales executive,btaylor@example.org,ZRW4878739,G1811194,NC66404728757,,09-08-2018,AG000066,Melanie,Young
C01168,Dakota,Butler,7374178692,New York,SDQFQ7694E,15-02-1958,574921498797,Research scientist (physical sciences),tandrews@example.net,,,,HD-11-102-565-729/651,25-04-2018,AG000120,Emily,Powell
C01169,Caleb,Radley,8896164758,Scottsdale,RWESP0796O,07-04-1968,099296883095,Ergonomist,dianacolon@example.com,,H5447481,BP72959476736,,26-12-2018,AG000096,Donald,Brown
C01170,Liliana,Corbett,8673746249,Berlin,VTHZN9713R,14-07-1978,554138798305,Public affairs consultant,mmurray@example.net,,Y8732307,GP03275582301,,03-02-2021,AG000071,Kyle,Jones
C01171,Janelle,Donnelly,9326317647,Colorado Springs,CJXYR3916J,21-03-1999,548732784909,Marketing executive,abrown@example.net,,H0595203,UV61300090334,HY-04-355-271-940/815,24-11-2020,AG000143,John,Bartlett
C01172,Lynn,Curtis,9265368883,Lincoln,KSSFG6858H,24-12-1969,777227816675,Ranger/warden,samuelgamble@example.org,,U2593530,,,11-11-2020,AG000061,Robin,Robinson
C01173,Ciara,Rigg,6779744863,Berlin,BQMPY5643B,23-01-1973,556115392638,"Psychotherapist, dance movement",njones@example.org,,,,EL-23-576-848-168/688,25-10-2020,AG000052,Brandon,Johnson
C01174,Luke,Jacobs,7235637375,Bakersfield,FPBKR1126U,27-08-2001,354744078019,Herpetologist,kathleen58@example.net,,,,QZ-21-109-156-133/792,26-03-2019,AG000072,Joshua,Jacobs
C01175,Diane,Collis,6284638363,Richmond,ZVFNK3023S,27-10-1989,603269219610,"Exhibitions officer, museum/gallery",meverett@example.com,AZJ1323185,,ID14353446589,,18-12-2020,AG000047,Jennifer,Weeks
C01176,Kurt,Farmer,7487351561,Berna,GSNBR4517F,29-09-1994,813690692357,Naval architect,reginaldtran@example.com,,,,,29-01-2020,AG000052,Brandon,Johnson
C01177,Andie,Selby,8357465653,Phoenix,YJOOV4415U,24-05-1977,832642812359,Environmental education officer,nicolemartin@example.org,,P4913066,MH76588591146,KQ-35-191-416-367/637,30-08-2019,AG000066,Melanie,Young
C01178,Danny,Watt,8455696932,Bellevue,CTUCQ6941W,12-01-2003,690177794926,Community development worker,wareeric@example.com,,J1622657,,,28-01-2020,AG000118,James,Nelson
C01179,Maxwell,Turner,8789383552,Lincoln,DJMBT1854H,15-11-1951,622880402570,Phytotherapist,fsimmons@example.net,,J4496179,CW51692792909,DX-02-295-888-417/456,08-07-2018,AG000181,Stephanie,Lee
C01180,Lucas,Eagle,7123738882,Garland,AJZMG9781K,09-03-1968,004200827121,Television floor manager,mark10@example.org,,Q9328361,,,07-07-2018,AG000079,Jeffery,King
C01181,Erica,Jefferson,8852699634,Hayward,JGEMM9205L,28-10-1974,733431907775,Chief Operating Officer,patrick74@example.org,VTR0640228,Z5361562,QI38509409755,NL-92-521-448-213/783,30-11-2019,AG000035,Diana,Leonard
C01182,Benjamin,Stone,9354448891,Quebec,WWFCX4896T,07-08-1984,841171688865,Education administrator,aliciacosta@example.com,,,,,04-06-2020,AG000082,Brian,Gray
C01183,Sadie,Bell,7857538586,Bucharest,WEPTD4262V,15-10-1945,227653215780,Engineering geologist,qmadden@example.com,,,,,16-09-2020,AG000136,Nathaniel,Best
C01184,Tom,Johnson,7553358587,Huntsville,WOPJI5233X,29-04-1976,546129441905,"Production assistant, radio",tmercado@example.org,MYH2725832,,,,20-02-2019,AG000009,Felicia,Hale
C01185,Henry,Shaw,8481854824,Innsbruck,LEESJ3235N,27-10-1985,600050776256,Technical sales engineer,christopherjohnson@example.com,XIQ6432840,C9597135,IW66517750906,LV-31-331-664-544/355,03-03-2020,AG000035,Diana,Leonard
C01186,Owen,Booth,9342932848,Milano,YOEGC5079D,30-09-1955,560471591146,Newspaper journalist,wromero@example.net,,,AQ49112468786,,31-01-2021,AG000112,Curtis,Singleton
C01187,Martin,Eaton,6613878393,Venice,RYPXN4220F,09-06-1967,516850897287,"Surveyor, quantity",jamesbaker@example.net,,O0634710,HB55524069167,,21-01-2021,AG000045,David,Ochoa
C01188,Anthony,Vollans,7634646498,Henderson,VEJRO4736Z,11-02-2002,983919854484,Call centre manager,claireromero@example.com,SFK5911345,T3210760,PQ21590250181,,28-11-2019,AG000164,Crystal,Lewis
C01189,Anthony,Nayler,7341283743,Rochester,USJTG1082L,24-03-2003,027223269648,Higher education lecturer,fhodge@example.com,,,LM98558064153,LN-82-261-719-599/460,18-01-2021,AG000183,Johnny,Solis
C01190,Wade,Ingham,8997372682,Norfolk,EMWQV8813B,26-03-1998,683248228306,Television/film/video producer,geoffrey67@example.org,YEI2108882,R6624989,KK08564890745,,05-05-2019,AG000031,Andrea,Keller
C01191,Boris,Eastwood,7248865328,Seattle,LKTKO3540Q,11-09-1996,228542394423,"Administrator, charities/voluntary organisations",sandra91@example.net,,,,GP-95-811-584-111/570,09-08-2018,AG000200,Brian,Ramos
C01192,Sarah,Gallacher,9572355835,Indianapolis,XZSZC9830D,16-07-2002,727469127632,Museum/gallery conservator,ecampbell@example.org,,D2678103,OX68456186966,,01-03-2019,AG000142,Lucas,Short
C01193,Domenic,Anderson,9571545495,Denver,CRLLP3869J,23-02-1987,945047317040,Community development worker,justin98@example.net,,C2884656,KA82292099892,NC-53-392-401-921/928,01-03-2020,AG000040,Ann,Franklin
C01194,Doug,Benson,6522762783,Tallahassee,PWOHH1418U,28-11-1948,825047358328,"Surveyor, rural practice",vanessa97@example.org,,,,,27-06-2019,AG000030,Jerome,Daniel
C01195,Havana,Egerton,9778977896,Nashville,GPBAQ3715J,21-06-2002,346724657725,Politician's assistant,jasonalexander@example.com,VYT6548103,G8482040,PN04370318166,WA-02-948-270-202/579,09-11-2019,AG000138,Donald,Beck
C01196,Sienna,Foxley,8558865399,San Diego,JWESQ8054R,24-08-1984,872867520604,Personal assistant,jsampson@example.com,,,,,08-01-2019,AG000065,Anna,Roberts
C01197,Daniel,Wellington,9512794382,Louisville,VWWKF1059K,08-07-1971,830099690256,Environmental health practitioner,julia63@example.com,,S2731653,,,02-04-2019,AG000107,Rebecca,Johnson
C01198,Matt,Quinton,7631723265,Prague,AOUFP1088H,28-04-1951,497216822305,"Surveyor, minerals",katie57@example.org,,,,,02-01-2021,AG000187,Kristy,Tyler
C01199,Rihanna,Bishop,7231575623,San Diego,PLTXA9729M,29-09-1985,002552831317,Freight forwarder,amandajohnson@example.net,,E3310316,,,06-11-2018,AG000081,Anthony,Johnston
C01200,Holly,Sloan,9612566794,Anaheim,MYBKC8994C,04-09-1951,248918701282,Barista,marysmith@example.com,NHT0584171,,XL63981846869,MG-70-895-034-769/744,05-10-2019,AG000071,Kyle,Jones
