custid,first_name,last_name,phone,city,pan_id,dob,aadhaar_id,occupation,email,voter_id,passport_id,driving_licence_id,nrega_id,date,employee_id,employee_first_name,employee_last_name
C00201,Jason,Young,9238457955,São Luís,QRXDQ8265J,25-04-1945,485764705505,Location manager,amy12@example.org,,F6146991,ZD67062209632,,26-03-2019,E00141,John,Whitehead
C00202,Bruno,Branch,6594662922,Los Mochis,XQWOK6893A,30-11-1971,224889425264,"Therapist, occupational",boltonjulie@example.net,DXI1837546,A9485050,PY56100635263,,18-06-2019,E00159,Jennifer,Robinson
C00203,Dominic,Mcclure,7788785534,Katsina,MGUEW9349S,06-03-1963,920622675713,Retail buyer,liuemily@example.org,VVP2439822,B0525830,DM49712726238,,29-10-2018,E00067,Emily,Tran
C00204,Carl,Tyler,8251337778,Canberra,SQYOA1216B,11-02-1985,571889598888,Field seismologist,laurasmith@example.org,,,,,28-11-2019,E00053,Marilyn,Morgan
C00205,Inez,Bullock,8258398252,Napier,CTGBZ3492E,27-02-1973,213566928968,Building surveyor,angela91@example.net,,,,,12-04-2018,E00054,Michael,Vazquez
C00206,Ivy,Emerson,9325521868,Guaymas,OQZVQ2016I,31-05-1954,955365308658,Radio broadcast assistant,njensen@example.org,,N5661233,SI08418772267,,14-07-2018,E00076,Eugene,Guzman
C00207,Clark,Bonner,7661545554,Mercedes,VPDXG7620Z,01-09-1969,976328650020,Minerals surveyor,kjennings@example.net,,W9485093,NU26931240608,,29-09-2018,E00003,Nicholas,Cook
C00208,Calvin,Torres,6794441293,Schagen,VQNXD6751A,29-07-1981,713323540982,Comptroller,ginaleon@example.net,,,,,03-07-2018,E00053,Marilyn,Morgan
C00209,Germane,Velez,8685773188,Calapan,JWBSJ3104D,20-12-1950,311235489149,Advertising art director,friley@example.net,RMC9118084,Z7826762,FR73524535384,,26-04-2020,E00110,Eddie,Mason
C00210,Cathleen,Nielsen,8446218736,Nha Trang,NZRTS0623V,12-04-1991,825832945280,Diagnostic radiographer,pattersonjohn@example.net,IEG3143907,N7994567,EU60274367591,,09-05-2020,E00086,Jason,Williams
C00211,Arthur,Baldwin,9925769277,Hồ Chí Minh City,FEHKP8991S,15-04-1953,012377341250,Forensic scientist,ortizbenjamin@example.org,JDR4548494,D3114460,,,28-07-2019,E00003,Nicholas,Cook
C00212,Cullen,Short,9163582391,Wagga Wagga,LKKIO6478P,18-06-1975,029997446341,"Conservator, furniture",hillerin@example.org,AMC3730921,Z1995797,,,18-06-2020,E00170,Morgan,Kelly
C00213,Igor,Trujillo,7623438485,Ankara,GIQJY9667D,02-05-1994,460054329667,Psychotherapist,mark11@example.com,XJW7931658,F6072385,,MD-62-585-802-865/851,20-06-2018,E00171,Tanner,Johnson
C00214,Gregory,Bryan,6427645584,Cajamarca,WAJGX5126M,12-01-1963,342146603005,Adult guidance worker,vanessa42@example.com,BDZ6431190,K8918840,,BF-48-703-119-380/587,29-05-2019,E00045,Chelsea,Campos
C00215,Laith,Dickerson,8237735982,Treguaco,DQDQI3881O,30-04-1947,260099958716,Travel agency manager,lisakrueger@example.net,LKM6122150,F8593634,,,16-03-2019,E00021,Danielle,Esparza
C00216,Danielle,Holland,6822437954,Hastings,PQVBJ8436V,21-05-1942,275801538468,Statistician,nmaldonado@example.org,,,JK74364079394,,17-08-2018,E00088,Mary,Bell
C00217,Paula,Pollard,9226237297,Wolfsberg,JFOMT2209A,08-02-1956,036813158457,Warden/ranger,wilsontimothy@example.org,AWO4647493,L8225997,WM26222135525,YR-36-592-508-061/160,03-06-2019,E00080,Lance,Johnson
C00218,Laith,Henry,8287448993,Weyburn,DDYBV3378Z,27-09-2002,513801807321,Higher education careers adviser,anthonyholland@example.org,,,,KE-70-858-863-250/307,17-01-2021,E00014,Nancy,Moss
C00219,George,Parker,7675646186,Taltal,XLZHQ6947K,17-12-1978,853127842341,Historic buildings inspector/conservation officer,anthony70@example.org,TSN8498727,,BY39431123988,BZ-31-647-777-271/410,01-03-2020,E00118,Christine,Pruitt
C00220,Clare,Sanders,6584274688,Gravataí,UNFOK4853G,11-04-1990,970988404770,General practice doctor,gregorymaynard@example.com,NEH4362531,X4598506,,XL-99-056-558-576/271,09-03-2019,E00085,Joseph,Casey
C00221,Zorita,Rivera,9398159475,Ibagué,EUEGD8580V,25-01-1964,432468614090,Teaching laboratory technician,rball@example.net,DPV5371312,X5477230,,,08-03-2021,E00175,Samuel,Moore
C00222,Aidan,Jensen,8963991746,Ceuta,IDOZX1355V,24-01-1950,809959246026,Occupational hygienist,hermancarly@example.net,XSL8305109,U3672887,IY37898126402,,04-12-2020,E00005,Jennifer,Mendez
C00223,Trevor,Kerr,6811251269,Bulnes,MHOSJ7415R,14-02-1981,921653708913,Local government officer,joseph69@example.com,,A6234984,,,13-03-2019,E00176,Christopher,Morris
C00224,Angelica,Parsons,6439965348,Veere,OMWQF4926Q,21-12-1973,157901644067,Location manager,craig77@example.net,EPK4085209,,,,20-07-2019,E00200,Lisa,Parker
C00225,Ferdinand,Mccarthy,6533773672,Gongju,DEHEE8538M,11-04-1975,479823041631,"Psychologist, forensic",meltonkevin@example.net,,V5697193,TK16362962318,OT-95-682-091-521/724,21-03-2018,E00020,Mary,Taylor
C00226,Nomlanga,Atkins,7236639513,Randfontein,EGJJM7859R,21-01-2003,633365560328,Public librarian,kperkins@example.net,,I2206049,,,10-06-2020,E00089,Luis,Lewis
C00227,Illiana,Weeks,9712255846,Huizingen,EPQQY7714F,03-01-1989,794403333276,"Scientist, audiological",wjackson@example.com,,,RO11223147200,NG-91-651-783-748/412,29-12-2020,E00032,Christian,Chase
C00228,Amos,Arnold,6671728987,Lipetsk,GSAAB4941I,17-05-1957,100860926533,Multimedia programmer,wcruz@example.org,OPF8786119,N8984170,,XT-22-013-517-500/737,16-06-2019,E00034,Gloria,Richardson
C00229,Kimberly,Sullivan,6368346867,Oslo,XYVFO6767M,03-05-1975,325177709653,Data scientist,paulmargaret@example.com,IRB5241373,R3704927,LE58400569768,,30-10-2018,E00098,Carol,Robinson
C00230,Evangeline,Pickett,7738725231,Daman,BOFYJ8096F,05-12-1989,961751042800,Sports administrator,ischultz@example.com,,,,,29-10-2019,E00141,John,Whitehead
C00231,Paki,Hays,6129627782,North Waziristan,PISSN4187P,01-02-1951,355370276974,"Surveyor, land/geomatics",jennifer43@example.net,,T3772936,ET81346346473,,05-01-2019,E00050,Johnathan,King
C00232,Basil,Delaney,9342714274,Maiduguri,ORKHL3975E,04-01-1997,849527552021,Personal assistant,alicia45@example.org,,V4666482,KA90407764043,CL-13-281-676-153/898,29-05-2019,E00199,Cheryl,Morris
C00233,Tanner,Collins,6995687262,Guarulhos,OUGWL0362V,10-12-1961,898689065146,Industrial buyer,elittle@example.com,,,,,21-02-2020,E00171,Tanner,Johnson
C00234,Salvador,Fischer,8687242344,Gbongan,JYXMN2668E,01-06-1992,296502487165,Hospital doctor,matthew13@example.com,VEP4567967,Y3362249,,,03-07-2019,E00097,John,White
C00235,Indigo,Lynch,7391849333,Whitehorse,VCUHK8383F,26-12-1975,701422948694,Fisheries officer,ajohnson@example.net,OFL3649468,J2403354,CY98798622533,,28-08-2018,E00052,Audrey,Moore
C00236,Xaviera,Day,8386787824,Tual,LUREU6579S,28-11-1950,014662568336,Fish farm manager,bullocklaura@example.org,,,TT88958104012,RY-78-541-253-766/107,24-10-2018,E00148,Vickie,Fletcher
C00237,Oscar,Snow,6622823393,Galway,JJSKP4542P,03-04-1953,907263036070,Chartered public finance accountant,smiller@example.com,UEQ1815113,Q5758312,KE50418243579,,29-05-2018,E00134,Jamie,Morales
C00238,Caryn,Gilmore,9488749667,Oklahoma City,WESZR3464R,04-04-1968,955442480113,Barrister's clerk,michaelprince@example.net,YKZ1063145,J5010418,CK95479380109,OD-22-558-057-254/999,12-04-2019,E00001,Kristen,Patton
C00239,Renee,Ware,6933473367,Mukachevo,HAECJ2201A,12-09-1981,744779528724,Chartered public finance accountant,thompsonnicole@example.org,,,CM18037692770,UO-73-185-205-020/966,13-02-2020,E00121,Gary,Ward
C00240,Bethany,Wise,7888853447,Metz,KHIJC8945P,28-04-1972,676828787796,Dance movement psychotherapist,jeremy43@example.net,,F5345711,XS80892010510,,13-12-2019,E00064,Charles,Daniels
C00241,Jenna,Barnett,8217824472,Isla de Pascua,TCLIQ6888C,04-03-1998,718790452871,IT consultant,amandahayes@example.com,MTP2620807,W8916285,EE97927426421,RW-46-164-926-348/324,23-08-2018,E00051,Peter,Campbell
C00242,Fallon,Allison,9571852489,Nieuwegein,HFJPK6837E,13-11-1973,897286601263,Civil Service administrator,ihardin@example.com,,Z5741530,UH59031258249,NF-61-888-496-214/710,08-08-2018,E00124,Benjamin,Chavez
C00243,Raymond,Foley,9834154678,Hong Kong,ILBHV8393X,07-08-1994,220290080864,Charity officer,makaylabishop@example.com,SXV3305721,X8632307,,YT-73-890-573-672/161,08-11-2018,E00003,Nicholas,Cook
C00244,Brady,Carter,7728663124,Kupang,NKBTX3415Z,19-04-1957,488454857234,Phytotherapist,nathanielhansen@example.org,GWE4695059,G7829883,,,03-01-2020,E00153,Stephen,Caldwell
C00245,Illiana,Doyle,7444298646,Stockholm,GTPTE7814L,26-03-1998,776574470989,Furniture conservator/restorer,uanderson@example.org,LHZ2740089,,,ZK-88-005-744-865/956,01-05-2019,E00018,April,Barr
C00246,Tamara,Bennett,6331837737,Bismil,JRUJB5563X,29-10-1958,082049375225,Town planner,jeremiahsmith@example.net,,L6415830,,,11-04-2020,E00105,Jeremy,Lynch
C00247,Guy,Nash,7324879272,Idar-Oberstei,USJKZ4894U,19-10-2000,964269585670,"Engineer, site",joshuastevens@example.com,YVB4407119,,,RJ-65-956-752-028/681,22-08-2019,E00069,Mark,Brock
C00248,Dalton,Goodman,7258353568,Iquitos,TXJSS4891Q,30-10-1976,875980436730,Nutritional therapist,ipalmer@example.com,,E0300972,,TN-57-244-828-412/553,19-05-2019,E00167,Katelyn,Owens
C00249,Amena,Norris,9599463795,Mazatlán,HMJQM2699Q,20-12-1990,328197664258,Metallurgist,lfigueroa@example.org,,Q2881606,MW57921821620,,16-12-2018,E00041,William,Park
C00250,Lillian,Rojas,7145867528,Delicias,DNCZS5083T,17-12-1952,754098662795,Land,fbennett@example.com,,,,,22-07-2019,E00005,Jennifer,Mendez
C00251,Patricia,Huffman,7892844247,Croydon,FASJN1160U,04-03-1950,057335215741,Planning and development surveyor,bennettalexander@example.org,MVH8875670,,,VN-04-240-675-983/569,17-02-2020,E00198,Dean,Smith
C00252,Garth,Fulton,9857956219,Fairbanks,EEIKA2504Z,01-04-1995,300003078527,Structural engineer,jamesrice@example.com,,,PZ91042182625,QL-07-788-967-405/611,09-08-2020,E00133,James,Herring
C00253,Aiko,Hurst,6812278853,Gdańsk,IABEP0288V,22-07-1965,264073106503,Visual merchandiser,brenda18@example.org,,M1781234,,YH-22-804-476-868/087,23-09-2018,E00104,Jason,Johnson
C00254,Hilda,Hutchinson,7943698124,Langesund,DPRJR5856I,03-09-1986,454494870505,Social worker,nathanmunoz@example.net,,,QL03256409193,TV-71-446-676-515/208,30-10-2019,E00151,Angela,White
C00255,Acton,Williams,9774333477,Aartrijke,YODLO0842V,28-07-1964,422645421038,"Scientist, product/process development",georgeedwards@example.com,BDI5536202,H6008235,BY22381819060,,03-11-2018,E00199,Cheryl,Morris
C00256,Jaden,Tate,8647458554,Lạng Sơn,IIACF1769D,25-02-1981,719112403244,Quarry manager,ulynch@example.org,,,,VE-85-604-172-168/693,01-04-2020,E00133,James,Herring
C00257,Nola,Leblanc,7863598222,Buzet,VYZPC3849D,05-01-1951,012451527537,Records manager,padillachristopher@example.org,,Y4818669,,VO-79-137-950-624/197,07-11-2019,E00067,Emily,Tran
C00258,Plato,Mayo,6469152785,Perchtoldsdorf,JCUCT6007I,17-02-1978,280244115529,"Surveyor, rural practice",kevinkelly@example.com,,,CS60051741966,ND-11-292-487-737/844,29-11-2019,E00095,Austin,Murphy
C00259,Riley,Vaughan,6275575549,Cao Lãnh,ZZEUK8232L,06-03-1947,603460774029,Risk manager,wjohnson@example.com,,K4781955,,,23-09-2018,E00110,Eddie,Mason
C00260,Forrest,Booth,8714319526,Imperatriz,ERULB2893U,12-06-1996,487863758122,Facilities manager,smithkarla@example.com,HJD2364843,,TM54997677134,VW-55-629-845-103/728,18-07-2019,E00123,Jennifer,Mclean
C00261,Bernard,Gould,8444272825,Vliermaalroot,CDEKT3781K,23-10-1965,756004643984,"Engineer, electrical",travis57@example.org,,C1283044,,HV-99-806-639-236/240,08-03-2021,E00149,Timothy,Fisher
C00262,Gregory,Odom,6598723764,Sagamu,SBZVL2643N,21-12-1984,794445614491,Primary school teacher,tinamurray@example.net,JDY9640906,,VX02796433772,JY-53-676-604-691/400,20-10-2020,E00129,Cynthia,Rodriguez
C00263,Shellie,Blevins,7152637653,Caloocan,TATIL5082D,18-06-1954,455983603122,Quality manager,mariah14@example.org,,,JN16938056512,CI-61-503-596-409/550,07-06-2020,E00158,Thomas,Reyes
C00264,Malcolm,Shields,8855772497,General Lagos,BHCXM5552A,11-09-1951,081283958077,Marketing executive,ameyer@example.org,,,UG46822300197,JI-13-548-503-300/329,30-10-2019,E00100,Joseph,Solis
C00265,Bradley,Palmer,9324517669,Tarnów,AAXYE0673J,12-12-1964,076910555527,Mechanical engineer,zgregory@example.org,,,,,30-06-2018,E00147,Jessica,Sanchez
C00266,Dieter,Lamb,9386237283,Mustafakemalpaşa,EMQFP0609Y,04-12-1991,274077271760,English as a foreign language teacher,erinhouston@example.com,XDH9879174,,QD95892906914,ZD-37-989-970-985/688,03-03-2021,E00068,Lisa,Robertson
C00267,Lars,Cherry,7381187586,Davao City,NBCEK7088T,12-03-1945,820606169874,Conference centre manager,npeters@example.net,FRT7816933,,KU19593604243,,25-02-2020,E00094,Chelsea,Farley
C00268,Jayme,Gill,6279223277,Paya Lebar,AIKZF4389A,20-02-2002,862136194272,Public relations officer,ann71@example.com,RGL9794692,R7515693,KO50307663473,LY-75-759-669-306/858,21-10-2018,E00143,Jared,Oconnell
C00269,Baxter,Ramos,9631538526,Leoben,HDPSP2580J,25-02-1981,654414030149,Community education officer,brownheather@example.net,TYC9781861,C8457131,,XU-72-507-872-211/503,28-10-2020,E00004,Stephen,Tucker
C00270,Octavia,Barry,8224812854,Ningxia,RRCIR8350B,21-08-1944,723982138295,"Producer, radio",milleredward@example.com,YYI1815309,,,MO-94-457-739-509/205,06-07-2020,E00082,Christopher,Hughes
C00271,Cairo,Berg,8523368248,Tocopilla,EHTHE7966Y,02-12-1960,417015053540,Consulting civil engineer,fmoreno@example.org,,,,,19-12-2019,E00008,Dan,Porter
C00272,Chelsea,Hicks,8514225375,Fusignano,NXYFG2930L,21-12-1957,856724291307,Licensed conveyancer,david83@example.com,,,UZ63927171120,MY-90-202-670-762/726,08-11-2019,E00084,George,Kirk
C00273,Isabella,Carver,6541897133,Toruń,YZFOY5500Z,20-05-1970,829889711998,Environmental health practitioner,christymathis@example.com,LYJ7406185,M1131484,GU01354131694,,04-05-2018,E00184,Mary,Krause
C00274,Kevin,Holland,8554541385,Turrialba,QDPYR2457O,06-01-1998,722578121523,Regulatory affairs officer,yowens@example.org,,,UG09505647453,,24-05-2018,E00061,Crystal,Fitzpatrick
C00275,Genevieve,Barlow,8656415518,Cisano sul Neva,WNWWP7212W,04-03-1950,772353803819,"Engineer, water",ngregory@example.com,TMO2969876,A1236896,HG49104593673,FU-89-377-632-309/770,22-06-2018,E00158,Thomas,Reyes
C00276,Reuben,Stein,6584744233,Piotrków Trybunalski,TFPEN6758G,13-12-1963,020158472772,Commissioning editor,john59@example.net,XGJ1900494,,,,06-09-2019,E00014,Nancy,Moss
C00277,Gwendolyn,Freeman,6848928238,Kuşadası,SIYHZ6098E,06-12-1973,353683783628,"Scientist, research (medical)",paulsmith@example.com,,L5198792,WP13338960155,,22-12-2020,E00148,Vickie,Fletcher
C00278,Brielle,Walsh,9172285697,Chongqing,ZWHFA7154Z,09-07-1989,265546301628,Mechanical engineer,leedwayne@example.com,OMN1944072,,,,21-03-2020,E00142,Rebecca,Martinez
C00279,Tanek,Drake,7973864798,Pietermaritzburg,WYBKR1532B,29-11-1950,148632616774,"Engineer, maintenance (IT)",omarlopez@example.net,,E4266178,,HH-24-466-340-987/444,31-05-2019,E00057,David,Mcguire
C00280,Micah,Cummings,9656649765,São José,AXVYL9996H,10-09-1957,018932067210,Agricultural engineer,wesley33@example.com,INP9945443,A3772161,YH56170018149,HZ-38-849-975-701/532,15-06-2018,E00086,Jason,Williams
C00281,Laurel,Chandler,8745753963,Lidingo,JGYTU2410T,04-09-1968,837394698291,Housing manager/officer,jill22@example.com,,B1949357,,,22-10-2018,E00148,Vickie,Fletcher
C00282,Roary,Williams,8322613328,Colmar,HMPGS7441W,18-07-1961,531157460153,Osteopath,emilypruitt@example.org,,,,,20-12-2020,E00048,Sean,Johnson
C00283,Gray,Owens,8484858694,Kisi,XZCFY4057Q,16-05-1954,610687675768,Soil scientist,valenzuelakristen@example.org,KAK6741292,,,,29-08-2020,E00030,David,Hicks
C00284,Steven,Nolan,9434856963,Guápiles,KXUJF8848O,03-10-1992,195086913552,Financial planner,patriciaserrano@example.org,,,EU99304064730,OD-67-359-946-696/662,17-04-2018,E00157,Lori,Wells
C00285,Sylvia,Lynch,8976672149,Cochrane,OOESC0300U,02-08-1973,676722032221,Land/geomatics surveyor,heathermoore@example.org,,B4913188,HH95201948129,,22-03-2020,E00165,Eric,Ross
C00286,Marsden,Shannon,6458881556,Malaybalay,HAGNO6822X,29-10-2000,474713393679,Chartered accountant,timothyyork@example.com,,,,OI-73-357-734-022/970,23-08-2018,E00045,Chelsea,Campos
C00287,MacKenzie,Patton,7292733453,Tijuana,ENNBZ3669W,24-01-1975,821303519213,Passenger transport manager,scottjonathan@example.org,DJT7420626,F6630489,IT28345618204,IU-26-608-856-845/062,05-03-2019,E00090,Russell,Jordan
C00288,Cairo,Herman,9638568949,Jilin,PITGD1799X,18-04-1988,970293359640,Ergonomist,stephensjeffrey@example.net,FAO9431731,S3687886,,VC-41-395-446-913/754,01-05-2018,E00091,Melissa,Burton
C00289,Abel,Lowery,8273461448,Cork,WZEHI7876W,22-02-1988,173065849180,Telecommunications researcher,adamsjoann@example.org,,,,,13-04-2018,E00132,Barbara,Johnson
C00290,Dieter,Benton,7749977337,Liberia,SGUGE3493Z,18-08-1991,818110491335,"Engineer, broadcasting (operations)",lperkins@example.com,FII6280460,N3136567,QS65734909020,,13-05-2020,E00162,David,Webb
C00291,Hedy,Mckinney,8236384262,Albi,YRNGY2993N,17-09-1959,946359646595,Equality and diversity officer,beckshelly@example.net,,,,,12-04-2019,E00175,Samuel,Moore
C00292,Nathaniel,Garrett,9762685862,Hải Dương,POKVB3585Z,09-10-1996,584600548555,Museum/gallery curator,ginapena@example.org,,,ZE29736290914,WT-56-303-880-850/723,14-11-2018,E00026,John,Harris
C00293,Adam,Carson,9638628264,Fort Smith,RNEUN6028Z,11-06-1979,525925514910,"Education officer, community",toddmiller@example.org,,,,HF-13-633-638-389/490,03-11-2018,E00014,Nancy,Moss
C00294,Zelda,Anthony,9825558892,Chernihiv,BLCAQ7051E,21-11-1943,039876237987,"Civil engineer, consulting",powerscolin@example.org,ZZR7072810,,,,18-01-2019,E00100,Joseph,Solis
C00295,Dorothy,Gallagher,9719287783,Mielec,IQBTQ7523A,17-06-1977,877462500220,"Scientist, marine",elozano@example.org,,,ZS53486652116,CD-58-905-313-682/666,29-07-2020,E00182,Alexandra,Salas
C00296,Nomlanga,Bowman,7487929636,Joondalup,CVPQZ9828Y,03-03-1951,973102005694,Social worker,justin44@example.org,,M5866689,,,24-12-2019,E00115,Robert,Cole
C00297,Quinn,Espinoza,6728184525,Heilongjiang,LMITQ9416U,06-02-1974,592438299607,Psychiatrist,fmcdonald@example.net,KSX6125996,,HZ46058888276,ZJ-89-589-041-705/128,24-03-2018,E00098,Carol,Robinson
C00298,Haley,Fuller,9775518688,Aguacaliente (San Francisco],GHINE4669C,28-12-1966,626054236977,Data processing manager,collinsnicholas@example.com,,,,,18-04-2018,E00141,John,Whitehead
C00299,Brenden,Lindsey,8654553845,Zaragoza,TBFFT0206Z,04-06-1965,581309345593,Fast food restaurant manager,pricejohn@example.net,,,EU12445264108,,13-08-2020,E00135,Kimberly,Murray
C00300,Marcia,Bradford,6677214862,Glovertown,CYMTT8576M,16-01-1960,751676676225,Publishing rights manager,smithdavid@example.org,RSR2233665,Q8730581,CI06437853101,GE-47-674-609-356/095,06-02-2020,E00079,Eric,Barron
C00301,Evan,Carlson,8562738164,Barranco Minas,YQMJX7810Y,25-12-1968,887279932224,Arts development officer,billy33@example.org,,V0339424,IP72791853615,ES-23-025-759-970/278,24-05-2018,E00164,Joshua,Wallace
C00302,Quentin,Joyce,8635519973,Mataram,CTDIG0463N,20-03-1973,984032164949,Television camera operator,cruzjo@example.org,LHZ2848582,Q1044240,TV20271588126,,03-05-2020,E00129,Cynthia,Rodriguez
C00303,Shad,Hale,8658555989,Vilcún,MCBWS0659J,05-05-1971,406481331660,"Embryologist, clinical",parkjames@example.org,QXM0392102,R0132996,,,22-06-2018,E00006,Robert,Hurley
C00304,Cailin,Hill,9529632974,Cork,FYOWR2696A,15-10-1968,782582647574,Engineering geologist,davidcolon@example.com,FUP8841158,O4761397,ER14498868966,SW-81-831-512-477/649,10-05-2020,E00125,Samantha,Atkinson
C00305,Ian,Lucas,7634634992,Queenstown,SSVIH4488A,26-02-1997,110416039189,Wellsite geologist,robertsmisty@example.com,NWH9126927,R4945972,IU58402157363,OW-09-544-144-668/407,20-07-2020,E00052,Audrey,Moore
C00306,Nissim,Valentine,6945137558,Kano,SMJIB1442V,07-09-1952,151385835743,Administrator,baileythomas@example.net,ZCU9513722,,,,30-11-2019,E00158,Thomas,Reyes
C00307,Maxine,Cohen,7232818231,Kremenchuk,PQUPH9358C,24-07-1979,057476114742,"Pilot, airline",santiagojessica@example.net,,,ED36162640196,CD-87-995-066-113/477,30-03-2020,E00078,Andrew,Lynch
C00308,Sean,Hobbs,9877165943,Nagaon,NWZGZ4727E,29-03-1992,242002886304,"Editor, commissioning",karencollins@example.net,SQN5684711,D9427492,SR99911922820,,22-06-2018,E00006,Robert,Hurley
C00309,Stella,Gutierrez,7126787617,Central Water Catchment,LWCHQ4118R,12-07-1999,499748430211,Health physicist,williamanderson@example.org,VQY6076777,N5591260,JK96207962176,,20-11-2018,E00077,Philip,Turner
C00310,Rama,Nieves,8444255271,Pamplona,CACJS4805S,27-05-1974,909391900125,Environmental health practitioner,venglish@example.net,UTU7566088,,,IH-11-181-898-282/113,25-05-2020,E00195,Jennifer,Cabrera
C00311,Linus,Poole,8328618247,Huế,VMTOT0033T,19-08-1948,733514106447,"Scientist, physiological",emcclain@example.org,,,LC57087169969,,17-10-2020,E00153,Stephen,Caldwell
C00312,Colette,Phelps,7325273457,Tranent,WCSUE4551T,27-04-1951,170237833632,Higher education lecturer,rlee@example.com,,T8751408,AV39044139700,XK-98-247-367-606/051,17-09-2020,E00166,Clayton,Stone
C00313,Hiroko,Lucas,6634649723,Yunnan,TBGMM4877U,06-02-1958,748357325055,"Engineer, chemical",kevin02@example.org,YNC1018950,,KL01244337976,,27-10-2018,E00161,Ryan,Bell
C00314,Emi,Shepherd,8275411854,Pero,QNNOS6335A,28-04-1961,597036626924,Armed forces technical officer,barneschristopher@example.org,,Z4402985,GN40551683543,,28-04-2018,E00188,Victoria,Wagner
C00315,Robin,Atkinson,9297752266,El Salvador,VYUPS1113B,11-12-1976,259887592730,"Psychologist, forensic",ablack@example.org,,,,,11-05-2020,E00141,John,Whitehead
C00316,Clio,Mathews,6757822542,Veenendaal,SOSOG2811V,10-10-1996,628132466725,"Accountant, chartered",chad56@example.net,LQA0012700,U7549302,,,18-03-2020,E00141,John,Whitehead
C00317,Emma,Howell,8359494884,Kotlas,NPZWI7006T,15-03-1972,120291801038,Geoscientist,stephaniestevens@example.com,,R8406016,TL41766065789,,20-10-2019,E00164,Joshua,Wallace
C00318,Len,Vasquez,9832516574,Novena,JWLTH7384D,11-03-1992,605788505402,Community arts worker,michael70@example.com,SKT3835903,F3599321,,,22-07-2018,E00131,Ronald,Brown
C00319,Melanie,Buchanan,6575512347,Chortkiv,HVNAR2443S,16-07-1976,318820564543,"Designer, graphic",acopeland@example.com,,,VQ27861993769,CR-01-942-837-010/879,22-01-2021,E00167,Katelyn,Owens
C00320,Sarah,Munoz,8653888258,Shenkursk,KIGBS5263O,10-11-1952,152775983783,Ship broker,jeremy61@example.net,DMB6056649,,ZR21907215041,,07-02-2020,E00156,Patrick,Hawkins
C00321,Trevor,Zamora,8395233471,Sperlinga,HNOFA5006D,01-10-1971,328768895490,Actuary,sheri61@example.org,,Q0409540,,,03-12-2018,E00068,Lisa,Robertson
C00322,Breanna,Mcfarland,7758364848,Blue Mountains,FUSOE6553M,01-04-1969,797073300356,"Education officer, environmental",charlotterich@example.org,RZC4296049,O3589444,,,15-04-2018,E00089,Luis,Lewis
C00323,Dorothy,Meyers,8437768336,Fogo,AIMJL1942Z,29-09-1984,679271217688,Facilities manager,sbailey@example.com,KWS6778215,,,RY-09-832-255-467/822,22-02-2021,E00116,Teresa,Alexander
C00324,Hakeem,Fleming,8778784635,Elverum,NFTWG7325K,02-12-1956,940525820472,Soil scientist,rhodges@example.org,,,,LJ-02-471-114-922/101,08-05-2020,E00172,Amy,Hardy
C00325,Tatiana,Hudson,7546445111,Şereflikoçhisar,GTMFS3431B,02-11-1975,674214407472,"Accountant, chartered management",wlong@example.org,UTS3270168,J1103433,OW13529761218,UO-69-750-122-639/052,08-05-2018,E00163,Hannah,Juarez
C00326,Cheryl,Rosario,6825186583,Rangiora,JUNHK9203B,17-11-1954,406813874938,Health promotion specialist,janicesmith@example.com,,X8124816,,,15-02-2020,E00182,Alexandra,Salas
C00327,Lionel,Harvey,6865747862,Haisyn,WOATG7595A,16-08-1963,972950761661,Make,william46@example.org,ZMU7893044,,QT73397344675,,16-11-2019,E00064,Charles,Daniels
C00328,Heidi,Hoffman,8233664484,Kherson,BGXFJ2946C,19-03-1986,579426646051,"Engineer, automotive",elizabeth30@example.com,DIU3358738,,,,15-11-2020,E00114,Nancy,Smith
C00329,Benjamin,Carlson,9562351715,Kherson,KFCRX5549A,08-04-1988,692868034460,Podiatrist,gregorymoore@example.org,QLE7313388,,,DE-55-976-642-224/502,29-10-2020,E00165,Eric,Ross
C00330,Demetrius,Cabrera,9594457661,Aguazul,QFVEU9401R,15-06-1973,837881082534,Publishing rights manager,alexissmith@example.com,NUC6147814,,,,06-11-2019,E00084,George,Kirk
C00331,Mechelle,Andrews,8744329668,Lebowakgomo,IZJII4804P,04-12-1943,362468056775,Sport and exercise psychologist,heather39@example.com,CEV0926792,N6867356,,,07-06-2019,E00098,Carol,Robinson
C00332,Quemby,Wiggins,8441545892,Antuco,UGBRC7097Z,05-11-1945,859180849306,Fish farm manager,wendy66@example.com,IVU5801402,,,,09-09-2020,E00059,Cynthia,Roach
C00333,Rooney,Hart,6739728585,Stockerau,YBVTQ3066R,12-04-2004,376288395256,Air cabin crew,yorkkathy@example.com,,,UW25521179753,,28-01-2021,E00010,Gregory,Randolph
C00334,Nasim,Diaz,7877197632,Calamba,GJXYU6347X,21-04-2001,250064822723,Health and safety inspector,mosstara@example.org,,K9446437,,,20-08-2019,E00064,Charles,Daniels
C00335,Devin,Galloway,7865187395,Canberra,FNRMB5381V,05-12-1953,194116987773,Public librarian,william78@example.net,IXX5437179,,,,25-09-2019,E00198,Dean,Smith
C00336,Bevis,Glover,6527962294,Habay-la-Neuve,DSNQX1790S,21-08-1981,854576823704,Psychiatric nurse,sean19@example.org,,,TK70028911467,,05-12-2018,E00199,Cheryl,Morris
C00337,Ahmed,Barlow,9264385626,Harstad,XEFAD5926U,03-10-1945,905283514012,Transport planner,amberwalker@example.org,,,IE05788473489,,05-10-2019,E00166,Clayton,Stone
C00338,Clayton,Mack,6436296977,Juárez,PNVER1642A,26-10-1989,224709996795,Planning and development surveyor,ryangarza@example.org,,A7534653,,,01-03-2020,E00036,Gina,Sullivan
C00339,Audrey,Maxwell,7476754572,Korosten,LMZYR3640Q,18-03-1952,945843816986,Lexicographer,emilyali@example.com,,,YY74088848129,,28-08-2019,E00087,Rachael,Nguyen
C00340,Heidi,Hart,7328514386,Daussoulx,OIJNK4568I,12-02-1999,547212074998,Illustrator,stevenduran@example.com,,,ER53739103242,,15-09-2019,E00177,Michelle,Montgomery
C00341,Tanner,O'brien,6481396693,Nagaon,VAIOJ7603T,23-06-2004,555320018201,"Engineer, agricultural",gflores@example.org,,X3176183,,IV-99-307-520-428/578,20-11-2018,E00001,Kristen,Patton
C00342,Harlan,Mcdowell,7266363846,Ratlam,NVEDB8571R,19-01-1976,910541884339,"Sales professional, IT",charles20@example.org,,Z8639857,,CR-42-710-873-388/336,30-10-2018,E00053,Marilyn,Morgan
C00343,Nero,Blevins,9288747418,Wetaskiwin,AFCCI4032O,29-10-1954,298454982215,Accounting technician,hernandezamanda@example.com,,M1186125,,,16-03-2019,E00033,Deborah,Powers
C00344,Jaquelyn,Blackburn,6795859369,Iquitos,EUQMP3891W,31-12-1951,352145986957,Airline pilot,elizabethlee@example.net,RFF4539699,P6206183,JS48603854590,,20-06-2019,E00030,David,Hicks
C00345,Kai,Wolf,6542352752,Lipetsk,WRPHS2229A,01-06-1985,245811641506,Lawyer,ortizmary@example.com,,,WG18921190231,,24-07-2018,E00125,Samantha,Atkinson
C00346,Amethyst,Wood,9875853686,Hawick,JXGAC2414I,13-09-1961,183947323380,"Investment banker, operational",sanderskatelyn@example.org,,,,,21-04-2020,E00171,Tanner,Johnson
C00347,Kirby,Hunter,9692263237,Galway,ZNLDA4450U,13-05-1945,662688464807,Environmental health practitioner,steelebeth@example.net,,,,ER-79-780-863-600/894,23-11-2018,E00186,Philip,Orr
C00348,Winifred,Mccormick,9586634375,Borsbeek,VFJHK5575R,27-07-1967,896962769273,Advertising account executive,spencerrebecca@example.org,,T3108094,,,24-09-2020,E00139,James,Ruiz
C00349,Bradley,Dillard,8348544788,Meerdonk,HXSWR0179M,04-05-1964,278234592769,Chief Technology Officer,acarter@example.net,,,MK29012681460,PC-89-934-641-157/466,29-12-2018,E00118,Christine,Pruitt
C00350,Wylie,Soto,8978753648,Awka,NJCAE6824M,09-02-1962,543212197976,Clinical cytogeneticist,kathryn39@example.net,WFT6568826,,BF63124163282,,16-04-2020,E00043,Connie,Collins
C00351,Arden,Marquez,7891334474,Villarrica,PNCWN6822Y,14-09-1947,856272768589,Adult guidance worker,lbrown@example.org,,P3852155,,DF-26-898-541-964/918,10-05-2020,E00092,Jeffrey,Mooney
C00352,Cara,Pratt,9666573873,Kharkiv,HPNCB8010R,09-02-1966,610606651104,"Psychologist, counselling",mark02@example.net,,,YE33009103310,,23-10-2019,E00157,Lori,Wells
C00353,Wynne,Frazier,7813686356,Pleiku,UTRPK8479Q,18-07-1949,056296543501,Geochemist,vincentashley@example.net,,,,,19-06-2018,E00042,Christopher,Lutz
C00354,Chloe,Preston,6652974691,Quenast,IJIYI7594E,07-11-1977,552030846593,"Editor, magazine features",kevinford@example.com,,K2496016,,KE-06-783-131-571/253,07-11-2018,E00078,Andrew,Lynch
C00355,Haviva,Garner,8345696887,Valéncia,HZDLG9932L,29-03-1992,962260245872,Hotel manager,wescobar@example.org,LTO7415794,,,,17-12-2019,E00026,John,Harris
C00356,Seth,Sullivan,9748463783,Dallas,DTYVR9673N,26-04-1950,273246818132,Ceramics designer,smithrichard@example.org,IUL0662495,,JT69685346713,IE-43-868-358-430/379,19-12-2018,E00079,Eric,Barron
C00357,Victoria,Cardenas,8137539326,Upplands Väsby,QPYDG2207F,24-06-1944,224756813461,Financial trader,maxwelltroy@example.com,,,,FD-32-387-240-144/501,22-02-2019,E00009,Michael,Serrano
C00358,Stacy,Michael,7927344275,Sart-Dames-Avelines,WVLLH9092X,12-05-2004,677637873820,"Horticulturist, commercial",tami13@example.net,HEW2761127,G3760054,GY83462101112,,18-10-2018,E00113,Robert,Rosario
C00359,Tanek,Mathis,7986583175,Guizhou,YXGQC7175N,09-12-1967,911500244213,Purchasing manager,nanderson@example.com,,,,MM-84-597-929-499/376,14-03-2018,E00024,Michael,Casey
C00360,Francesca,Fitzpatrick,8714479677,Alice,FHANI1787I,08-01-1947,680392891669,"Therapist, horticultural",reyescassandra@example.org,JUE6481584,B6567425,,ET-57-606-181-250/011,30-09-2018,E00162,David,Webb
C00361,Logan,Brown,6844846872,Galway,FDKXA6954C,02-03-1984,199834157536,"Engineer, maintenance (IT)",sara41@example.com,,,LO91262209557,,25-05-2018,E00150,Rebecca,Barajas
C00362,Kerry,Nicholson,9196453921,Scena/Schenna,LBLDQ6876N,15-06-2002,575367864877,Metallurgist,tanyawheeler@example.com,FMJ8826074,,,XN-59-166-322-137/714,29-10-2018,E00190,Mary,Gonzalez
C00363,Rhonda,Mueller,6795461754,Vigo,NZTPO0483U,08-04-1982,713564564342,Horticultural therapist,ashleyscott@example.net,CRV4670294,,XH61163829605,,23-06-2019,E00075,Gregory,Hayden
C00364,Ifeoma,House,6878925224,Teruel,ZTNGS9588P,12-05-1943,831289348465,Planning and development surveyor,fryan@example.com,,E1213825,,,15-06-2018,E00010,Gregory,Randolph
C00365,Melodie,Graham,6257675578,Guangxi,ZRKLR3637U,14-10-1957,433808864971,"Production assistant, radio",zmorrison@example.com,MIW7784797,J6000061,,,24-08-2018,E00103,Laura,Castro
C00366,Illana,York,8754453998,Weiz,EGMUP9041S,26-06-1971,191698729422,Town planner,christianfleming@example.com,BDP7264716,,,,12-08-2019,E00043,Connie,Collins
C00367,Hashim,Mendoza,9378545544,Hisar,YNFVB3330B,27-07-1983,516309417828,"Nurse, children's",haynesdaniel@example.net,BVC3948509,,,WK-84-591-909-202/944,06-04-2018,E00077,Philip,Turner
C00368,Rafael,Greene,6544549731,Tczew,ULFUT4736C,18-06-1987,468921906618,Copy,pgonzales@example.com,MVX3767613,,VV17453305840,QA-59-164-402-363/395,06-07-2018,E00082,Christopher,Hughes
C00369,Regan,Terrell,8453799246,Orhangazi,ISTTU3062H,18-02-1957,597833674616,Medical physicist,tonydaniels@example.org,,U1325453,EC45465010039,UZ-32-670-087-196/661,02-03-2020,E00116,Teresa,Alexander
C00370,Lael,Ortiz,6223692697,Hengelo,GFDIZ3324B,05-02-1971,764397566393,Network engineer,christopher32@example.net,OAX1877787,,WV65146376117,,03-02-2019,E00123,Jennifer,Mclean
C00371,Tatum,Combs,6525323247,Tilburg,HBOHL5447N,02-06-1949,363822887089,"Journalist, magazine",alexandra62@example.net,,,,VW-13-646-736-813/691,14-01-2021,E00027,Anthony,Sharp
C00372,Adele,Munoz,7634827965,Buckie,CUJLM4392Q,05-09-1996,448026241146,Physiotherapist,emilymitchell@example.org,AZS4211415,N7970882,IR87879600158,,21-06-2018,E00106,Wayne,Davis
C00373,Quentin,Hutchinson,6235292222,Söderhamn,EOZRD9945B,16-10-1988,272482768502,Intelligence analyst,yfarmer@example.org,,R1816957,,,25-01-2019,E00021,Danielle,Esparza
C00374,Willow,Potts,7289559887,Farsund,HOCTE9728S,17-06-1984,732760793905,Theatre stage manager,baileyjoseph@example.org,,,,HW-81-806-122-475/036,04-04-2018,E00128,Veronica,Marshall
C00375,Kylee,Garner,9273789445,Judenburg,FNBAI2278F,27-11-1959,603848507361,Lawyer,aprilbaker@example.org,TKE8986880,,,,09-07-2019,E00032,Christian,Chase
C00376,Travis,Ellison,8962582758,Sullana,XWOAP2517E,13-06-1981,372653783187,Telecommunications researcher,robertnewman@example.net,YNU0284869,,FY68998014907,,13-01-2021,E00025,Monica,Valentine
C00377,Tamekah,Molina,9554549658,Sandnes,OURVL0293L,16-06-1980,999680602938,"Teacher, special educational needs",johnsonstephen@example.org,NQQ9942538,M3478199,,,25-02-2019,E00013,Jennifer,Jackson
C00378,Driscoll,Wells,8887864934,Penza,LNFAW1951V,07-08-1989,187088227070,Chiropodist,stephen36@example.com,MQD2970543,,,WT-87-349-934-497/699,18-12-2019,E00127,Bobby,Robinson
C00379,Lara,Black,7298268884,Shimla,MKABZ9603S,15-09-1958,196234183679,Pharmacologist,timothy51@example.net,UDC9651224,,QD36791834680,LE-31-029-431-494/819,09-05-2018,E00117,Philip,Turner
C00380,Ronan,Dillon,9623263764,Castres,NFEKM4066L,05-03-1948,964405610607,Charity officer,molly75@example.org,,H4194174,,UZ-75-373-239-952/243,23-05-2018,E00171,Tanner,Johnson
C00381,Evan,Craig,7545836284,Charlottetown,PWTEI9897Z,08-10-1995,571535782825,Tax adviser,stacyedwards@example.com,,,,ZS-23-176-935-985/268,20-06-2018,E00058,Erin,Rasmussen
C00382,Len,Woods,8428557258,Lipa,IDYFL8795K,30-06-1988,694717930396,Audiological scientist,xwright@example.org,,,QF38285658552,LU-80-475-753-081/036,23-10-2020,E00083,Jeffrey,Young
C00383,Fletcher,Gould,9821436134,Gwangju,AKRCW7637I,31-05-1957,478114863285,Higher education lecturer,seanfrench@example.org,DSX2653245,,,,18-06-2018,E00078,Andrew,Lynch
C00384,Hilda,Mcpherson,8755763274,Pereira,FYSVO2772Y,01-06-1953,683336841591,Field seismologist,campbelldeanna@example.com,,,,,28-10-2020,E00088,Mary,Bell
C00385,Colby,Jefferson,8385764886,Murray Bridge,JWPPA1291P,28-11-1982,173731018077,Interpreter,vortiz@example.net,NRU5869309,,,,02-02-2020,E00133,James,Herring
C00386,Odysseus,Grimes,9562688341,Changi,MAVRZ5290A,21-08-1963,771245837595,"Therapist, drama",bennettshannon@example.com,,,,,29-10-2020,E00114,Nancy,Smith
C00387,Tyler,Richards,6668611259,Tambov,OMMBZ1076T,24-05-1946,444254234463,Careers information officer,ronald76@example.com,QTM4272192,A4393455,OY81375472623,,13-03-2019,E00083,Jeffrey,Young
C00388,Kareem,Chandler,9265668144,Castelvecchio di Rocca Barbena,GVSEW6133M,22-05-1994,518512487152,Environmental education officer,ubowman@example.net,DRZ1371889,,,,06-12-2018,E00042,Christopher,Lutz
C00389,Abel,Hickman,6746858874,Zhytomyr,MULWJ1479O,02-09-1959,256663832511,"Designer, jewellery",valerieflores@example.org,,,,SK-18-739-260-798/882,12-07-2018,E00110,Eddie,Mason
C00390,Katelyn,Abbott,9452977267,Cork,RXBXP3616P,30-07-1957,897670406646,"Engineer, structural",jenniferpaul@example.com,,,AA19434982503,,31-01-2020,E00130,Alicia,Sullivan
C00391,Gil,Anthony,8642363357,Germersheim,FCZXM2920A,23-11-1956,044056746168,"Conservation officer, nature",wcohen@example.net,,W9448679,ZO43999243717,,27-09-2020,E00114,Nancy,Smith
C00392,Victoria,Mathews,6584495488,Harlingen,PCTLF9805O,13-05-1970,729401066544,Electrical engineer,bharper@example.net,,,,,17-06-2019,E00158,Thomas,Reyes
C00393,Roary,Joseph,9176598748,Bischofshofen,OAPGV3557K,01-10-1976,218226479264,Interior and spatial designer,apeterson@example.org,,,VU13169495953,RI-50-364-447-718/058,08-06-2019,E00107,Scott,Romero
C00394,Mohammad,Spence,7771341115,Sichuan,RJZHY2718Z,07-12-1996,092350448191,Printmaker,john14@example.com,,,PX53351347770,,08-07-2020,E00019,James,Watts
C00395,Dolan,Alford,7628284783,Quesada,NJMGZ7276Y,26-07-1988,948129594889,Environmental health practitioner,jeremiah72@example.com,,,CG03449998578,FD-39-158-697-690/526,08-07-2018,E00101,Kimberly,White
C00396,Graham,Daugherty,8587865493,Mardan,ZDGKN8794U,01-01-1970,658174207145,Mining engineer,lisa35@example.org,,,OS76081940834,BD-43-025-616-934/909,20-01-2021,E00123,Jennifer,Mclean
C00397,Gay,Crawford,7758751254,Flekkefjord,YCGES7771O,29-09-1943,954774047804,Child psychotherapist,nadams@example.org,PBQ0192406,H6572998,EE03962729222,,20-07-2018,E00074,Michael,Larson
C00398,William,Schroeder,9266656552,Çermik,XCHCD9333Q,07-02-1999,739410953096,Naval architect,garciajonathan@example.com,,S8332456,,,14-08-2018,E00156,Patrick,Hawkins
C00399,Ora,Bradshaw,9321153758,Bukit Batok,CNGGC9424X,03-05-1969,220645583903,Retail buyer,lydia97@example.org,WDT4753956,,,,07-07-2019,E00036,Gina,Sullivan
C00400,Cody,Snider,7749326162,Monte San Giovanni in Sabina,EZQRR7343X,10-06-1958,406100940461,Visual merchandiser,lshah@example.net,,G6441105,,FK-06-325-119-499/227,10-12-2020,E00033,Deborah,Powers
C00401,Wynne,Dudley,7332826821,Surigao City,FUYGU6272L,08-11-1966,214690457336,Environmental health practitioner,huntrhonda@example.com,,,GT93537611805,,25-01-2020,E00156,Patrick,Hawkins
C00402,Hannah,Bernard,9742825152,Zavitinsk,XDBYI4225B,14-12-1960,723329282299,Best boy,joycematthew@example.org,OPK5348943,I6042034,,,29-12-2019,E00170,Morgan,Kelly
C00403,Andrew,Cantu,6376135778,Panjgur,XEBHL2079J,15-08-1969,333394989851,Animal technologist,harringtonmark@example.org,UQP3427718,,YZ21572762997,SA-12-088-031-014/310,02-10-2019,E00102,Melanie,Gonzales
C00404,Tamekah,Hicks,6653439864,Lerum,BVCYG2358Y,31-03-1946,730515487292,"Lighting technician, broadcasting/film/video",garciajeremiah@example.com,HUE9329950,,WQ30960081584,,12-01-2019,E00078,Andrew,Lynch
C00405,Wynter,Dalton,8239437435,Jeju,XXBZT3260D,16-09-2001,343814919104,Lexicographer,odonnellmelanie@example.org,YQF8537383,,,,12-06-2018,E00035,Rachel,Andrews
C00406,Mason,Pickett,9619941545,Ergani,XFNNF9343R,30-04-1948,616475756069,"Nurse, children's",elizabeth43@example.org,,A8103350,NX30868985406,,13-02-2021,E00147,Jessica,Sanchez
C00407,Wanda,Leblanc,8548151964,Carletonville,VFDKJ0626F,18-09-1962,048484097684,"Engineer, automotive",desireeschmitt@example.net,JDE1943564,,,JZ-21-001-375-432/859,30-05-2020,E00055,Miranda,Harris
C00408,Cole,Chan,9432357384,Leersum,NFWVE5672W,21-06-1954,389674667724,Chartered loss adjuster,james55@example.org,,Q8786587,CQ20559741956,,27-04-2020,E00103,Laura,Castro
C00409,Flynn,Cole,7446732892,Solingen,NWZDZ3861U,06-04-1972,605278519046,Printmaker,justin54@example.net,BNF2103137,A0747319,YE84980412127,FD-51-365-450-324/774,06-06-2018,E00075,Gregory,Hayden
C00410,Selma,Dillon,7925348722,Mukachevo,KWWIB0032V,16-01-1960,289111245052,Mental health nurse,deborah16@example.org,MRL2453150,W1161491,,,13-04-2018,E00053,Marilyn,Morgan
C00411,Emerald,Serrano,8741867548,Bad Ischl,XADZZ2717G,26-11-1989,232685848114,"Designer, fashion/clothing",crawfordphillip@example.com,FHN0103895,,GR74083653616,OU-83-225-267-351/388,29-08-2019,E00136,Jamie,Moore
C00412,Ebony,Mercer,9219628559,Sankt Johann im Pongau,MKNIT1018F,13-05-1965,847272103339,"Engineer, drilling",arthurmorgan@example.net,,,SJ85500345892,LA-95-253-047-435/660,22-06-2019,E00015,Derek,Williams
C00413,Christopher,Hughes,6726447787,Lozova,RYXOH9328Q,06-07-1977,565761149706,Editorial assistant,victoria46@example.org,DMH1162511,,KT44846512417,BV-82-106-074-925/083,06-06-2019,E00179,David,Smith
C00414,Xandra,Ray,9455365474,Chalon-sur-Saône,BFZQV8999R,20-07-1970,768685693675,Art therapist,connoredwards@example.com,WDW8881316,,,OZ-16-622-267-564/340,01-08-2020,E00132,Barbara,Johnson
C00415,Hedwig,Daniels,7194698427,Aparecida de Goiânia,VWXHS4113D,14-01-1987,933791873115,Radio producer,lmorrow@example.com,ELP3986481,,,HJ-40-047-923-658/121,19-07-2019,E00122,Richard,Olson
C00416,Warren,Raymond,6614778886,Cádiz,DYURY6983K,29-11-1971,932189015325,Recycling officer,james99@example.com,,O3580089,,WH-53-050-851-649/397,19-09-2018,E00102,Melanie,Gonzales
C00417,Kelly,Pitts,8382523662,Zhejiang,LPSMD5576J,14-03-1997,212368518016,Clothing/textile technologist,bsweeney@example.net,IVK1072095,,,KJ-70-001-678-576/809,03-06-2018,E00005,Jennifer,Mendez
C00418,Caleb,Richardson,7374626969,Mmabatho,OSKOR3298W,13-04-1965,395576415432,Rural practice surveyor,collierandrew@example.com,,E7394226,OL65395861543,,27-06-2019,E00004,Stephen,Tucker
C00419,Helen,William,6392721712,Santa Maria,MLISS7670V,08-11-1979,899519170705,"Engineer, control and instrumentation",townsendcynthia@example.net,LVI0095847,,,,28-02-2019,E00044,Leslie,Blake
C00420,Kyra,Singleton,9874667192,Flushing,VPQDM6362L,08-12-1984,357087619424,Insurance claims handler,batesjohn@example.net,ZGW2445258,Z5295028,,,14-04-2018,E00102,Melanie,Gonzales
C00421,Gannon,Dunn,9475756187,Duque de Caxias,OADBC0402S,09-12-1982,115576598084,Phytotherapist,kimberlyobrien@example.com,,G1350155,,SD-60-863-316-730/431,14-12-2020,E00099,Bonnie,Ross
C00422,Zahir,Payne,9489223258,Kavaratti,WIWTL5964M,19-03-1970,068390052632,Pension scheme manager,kevinwilliams@example.com,RPO8698936,,QQ64187678820,,18-05-2020,E00187,Devin,Cortez
C00423,Yolanda,Rivas,7366784873,Worcester,KGKHY7951U,24-02-1960,525517633048,Geographical information systems officer,nunezlaura@example.com,QKT0971493,E7118174,MY71475276917,AE-42-279-040-996/477,28-09-2020,E00047,Teresa,Matthews
C00424,Colby,Harper,7468872851,Ballarat,ICKLU3733P,15-08-2000,662235495317,Media planner,burnsrandy@example.org,,P6969572,,,30-06-2018,E00197,James,Hill
C00425,Merritt,Jimenez,8168388757,Ninh Giang,OUMVL5445P,20-06-1966,260149672761,Dramatherapist,kelly01@example.org,IYT0781499,X0567834,,,26-06-2018,E00101,Kimberly,White
C00426,Ciaran,Chaney,6375382578,Palmilla,VNYCE3040S,19-10-1994,021452667314,Communications engineer,roberta16@example.com,ZHQ6014930,,KZ87690006430,,03-06-2018,E00070,Steven,Garrett
C00427,Lance,Flores,9583238754,Flin Flon,IFRYO5481S,09-03-1951,841875737197,Theatre stage manager,olsonjb56lk@example.net,HYG2172479,,FU02538634571,DN-81-789-586-448/034,22-02-2021,E00140,Gary,Valenzuela
C00428,Dorothy,Herrera,8882948664,Bihar Sharif,CTSGM8229P,04-08-2002,418773373235,Pharmacologist,deniselowery@example.com,,,BE62644298058,,16-03-2019,E00156,Patrick,Hawkins
C00429,Tyrone,Conrad,9848728525,Kemerovo,AUCQE3399D,08-09-2003,884262878755,"Pharmacist, hospital",medinajessica@example.net,GZZ8860079,U5317775,VK17436284613,GI-88-918-218-994/991,14-03-2019,E00152,James,White
C00430,Courtney,Johns,7724748831,Rionegro,UWGIP4714G,20-11-1995,392438017298,"Exhibitions officer, museum/gallery",joseph17@example.org,FYS8557020,,,DC-28-779-488-822/893,01-12-2018,E00164,Joshua,Wallace
C00431,Harding,Rowe,8452277267,Colonnella,FVATT4912A,30-03-1956,904882446089,"Engineer, civil (consulting)",meganlee@example.org,,,,LK-40-763-471-111/264,26-04-2020,E00028,Shawn,Harding
C00432,Aimee,Weaver,7675676395,Santander de Quilichao,PXEPV5042C,07-02-1993,625062061538,Heritage manager,brian56@example.net,QWQ4187012,,,ID-36-552-865-618/545,10-12-2019,E00123,Jennifer,Mclean
C00433,Eagan,Burks,6646419522,Cork,NPMPO4920Q,22-12-1943,994402390773,Banker,kjames@example.org,UWN7346803,,YU17369511035,DA-60-488-192-693/427,11-03-2018,E00111,Amy,Burke
C00434,Lacota,Schmidt,9349564267,Bydgoszcz,TYCJE2220X,03-06-1977,115962925460,IT consultant,susan99@example.com,YRT3098602,,JJ82241226382,,07-05-2019,E00166,Clayton,Stone
C00435,Alea,Hutchinson,6663554788,Sasaram,SRYKB5106X,03-09-1953,187382078734,Clinical psychologist,knoxbryan@example.org,,V1017045,CK03800837235,JO-77-586-419-046/990,05-10-2018,E00088,Mary,Bell
C00436,Keith,Herring,9331734155,Pohang,TEMUE3104W,11-08-1946,814934767877,"Horticulturist, commercial",kimberly26@example.org,OZG9980420,O0422785,VK25532251001,,01-04-2020,E00085,Joseph,Casey
C00437,Stacy,Orr,8611523558,Limbach-Oberfrohna,JXRDB6054I,03-07-1984,954239149678,Microbiologist,amanda86@example.net,ZTR2350359,K5516164,BA95682708044,KS-53-917-516-749/191,02-03-2020,E00008,Dan,Porter
C00438,Todd,Riley,7991383723,Niterói,GMGXC8969O,01-09-1967,381240916211,Cartographer,taylorjodi@example.net,,Y0126837,,,02-11-2019,E00096,Wendy,Phillips
C00439,Eaton,Abbott,6127633163,General Santos,SVAKA0861H,12-10-1999,474315304047,Psychiatric nurse,williamsaustin@example.net,YCI7625813,,RP06059468715,CI-09-255-808-131/557,25-08-2019,E00083,Jeffrey,Young
C00440,Joy,Boyer,6529569862,Nantes,ECXEF3769N,08-02-1978,937367620823,Paramedic,daniel38@example.net,,,EK44450790879,VV-06-194-724-673/555,03-07-2018,E00127,Bobby,Robinson
C00441,Noah,Douglas,8825713665,Kavaratti,KHPWO5998G,12-01-1986,860529486268,Consulting civil engineer,karengonzales@example.org,,F3225385,,BG-62-992-810-551/740,15-08-2020,E00026,John,Harris
C00442,Sasha,Wolf,6474632754,Steendorp,FXKFC9170D,16-09-1994,378319006168,Soil scientist,jclark@example.net,,O9419638,,FD-56-651-682-417/127,02-11-2020,E00012,Maria,Johnson
C00443,Kirby,Wright,7787744123,Okpoko,IRZKX9638C,30-06-1990,678311401618,Food technologist,craig17@example.org,,,,XE-89-692-911-648/960,18-04-2018,E00031,Sarah,Bird
C00444,Jillian,Henson,9445516693,Eisenstadt,AVHLO5288H,10-09-2001,290315477824,Wellsite geologist,jeffreyjohnson@example.net,CEE9268907,,MK97725215996,,13-03-2020,E00127,Bobby,Robinson
C00445,Amir,Eaton,9757632466,Fort Good Hope,OOIQC7863S,20-09-1990,319722026015,"Producer, radio",lcampbell@example.org,,M4245114,ZQ50375140259,YE-67-220-191-163/085,03-03-2019,E00131,Ronald,Brown
C00446,Keely,Blair,7575157375,Durban,RBSHQ9780V,02-11-1965,609634181202,Location manager,mendezkerry@example.net,,,,,02-06-2020,E00032,Christian,Chase
C00447,Leilani,Burt,8258351282,Olmen,OLNHI6278C,06-08-1986,264912999881,Tax inspector,jameshunter@example.net,OQJ4379697,,TC90951435715,RA-69-631-060-992/406,07-02-2019,E00113,Robert,Rosario
C00448,Hammett,Conway,6676599263,Gansu,MCKPX8114R,28-06-1994,264592380613,"Engineer, civil (consulting)",melanie97@example.net,UTG4977429,,,PU-98-399-180-239/605,30-10-2020,E00009,Michael,Serrano
C00449,Aaron,Hester,9382376483,Huacho,ZHMDZ6614N,07-12-2003,016913968393,"Scientist, research (maths)",raymondcobb@example.com,,H0742803,,,14-03-2019,E00053,Marilyn,Morgan
C00450,Leroy,Schneider,6322329278,Busan,USGGF0508W,25-05-1964,681484565136,Private music teacher,olsonjessica@example.org,UEL3922359,O3685494,,LG-29-445-676-186/907,02-04-2019,E00171,Tanner,Johnson
C00451,Angela,Guzman,6399641664,Qambar Shahdadkot,EGQPQ6067U,25-07-2003,403617612734,"Runner, broadcasting/film/video",erinkelly@example.net,,,,SU-34-992-664-941/519,10-02-2020,E00095,Austin,Murphy
C00452,Chase,Stanley,8783951232,Whakatane,SMKTI3798C,14-08-1962,485183277381,Sports administrator,hardypeter@example.net,,A4538085,QL64050491014,IB-63-274-303-087/677,25-01-2020,E00051,Peter,Campbell
C00453,Amir,Spence,9835717283,Pleiku,QDJEN5490V,17-01-1943,321039172345,Insurance claims handler,bmiller@example.org,JOH5499917,,,OE-88-324-498-686/951,23-02-2021,E00160,Alyssa,Singh
C00454,Adam,Dillon,9765874644,Marawi,VHRNI4055N,15-01-1976,901448244529,Microbiologist,caitlinmacdonald@example.com,,F0590400,PV11852296796,,02-07-2018,E00052,Audrey,Moore
C00455,Thane,Goodwin,9232214922,Bellville,HCKTI2877L,14-03-2001,140112637404,"Sound technician, broadcasting/film/video",elizabeth41@example.com,LUA4397732,B4888347,JV95672425643,,17-05-2019,E00193,Patricia,Ibarra
C00456,May,Trevino,7362468415,Lorient,NBQID1844C,12-05-2000,720892503472,Sports coach,morganalexandria@example.net,,,,AD-83-519-743-292/628,12-02-2019,E00038,Alison,Jones
C00457,Avye,Chavez,8538374297,Tampines,FXRGV3078Y,14-12-1988,990589851604,Herpetologist,wolfjohn@example.com,,Z5719571,AB92895337063,,11-08-2020,E00050,Johnathan,King
C00458,Clark,Coffey,8445863334,Borås,LIROD7629S,12-02-1956,573153601853,"Physicist, medical",vacosta@example.org,,E7908361,XX21374170661,,06-10-2018,E00117,Philip,Turner
C00459,Riley,Forbes,8254444556,MabomprŽ,TCEHJ3413O,25-07-1948,390314516013,Games developer,nicholas94@example.com,,,YV65895030832,,18-05-2018,E00051,Peter,Campbell
C00460,Justin,Reid,7883453266,Açailândia,XSNBN8793T,29-09-1943,885997373464,"Chemist, analytical",nnguyen@example.net,PCO2261582,W7490928,,,10-11-2020,E00113,Robert,Rosario
C00461,Omar,Mathews,9252743832,Andong,NTYNJ9315M,21-12-1983,333061421313,"Administrator, sports",erinvazquez@example.com,TEF1761670,T2816198,,,23-03-2018,E00013,Jennifer,Jackson
C00462,Kiona,Scott,9428129852,Greymouth,KSNCG0436H,27-02-1976,151457676922,"Sound technician, broadcasting/film/video",briannguyen@example.com,,S7262654,,,10-01-2020,E00069,Mark,Brock
C00463,Kennan,Aguilar,6572753247,Marcedusa,AVZCO9409I,26-06-1969,307087842356,Nature conservation officer,ingrammelissa@example.net,XLA0350797,,WM47966828347,FT-13-075-090-555/175,19-12-2019,E00184,Mary,Krause
C00464,Sebastian,Randall,9726752572,Landeck,TKIAO0293U,25-11-1973,911681803750,Dealer,lhobbs@example.net,XBV6161605,,,KC-39-806-679-726/483,25-01-2019,E00143,Jared,Oconnell
C00465,Emmanuel,Reynolds,9427778938,San Pablo,WYBMP8560L,23-03-1962,721833327136,Event organiser,jasmine13@example.net,,A1682052,,,21-03-2019,E00097,John,White
C00466,Edan,Mack,9923512785,Duluth,VWIFK1805F,02-11-1957,277876874392,Chief Executive Officer,rosalescarrie@example.net,,O4769940,LK24906535175,,07-09-2019,E00018,April,Barr
C00467,Scarlet,Cox,9677324164,Bathurst,CZGLY5615T,04-07-1972,169744461397,Production engineer,myerschristopher@example.org,ADR7332334,O3414380,LQ79655582394,FT-83-740-847-967/922,23-04-2020,E00172,Amy,Hardy
C00468,Rahim,Vargas,7136861846,Boryspil,SHBJG7399Y,20-02-1991,126223211022,"Education officer, community",james42@example.org,,,,,08-12-2020,E00044,Leslie,Blake
C00469,Margaret,Dominguez,8654284358,Whyalla,BRRWE3295G,04-08-1979,967033039339,Energy engineer,harrisscott@example.org,,,,AU-29-861-818-667/412,05-12-2020,E00036,Gina,Sullivan
C00470,Ramona,Wooten,8521354161,Villarrica,OWUSB4417V,08-07-1966,532947424857,"Clinical scientist, histocompatibility and immunogenetics",mitchelldebra@example.net,,,,,06-03-2020,E00198,Dean,Smith
C00471,Pandora,Kaufman,8988834698,Ghanche,NQAJU2455A,27-03-1996,683092226091,Biomedical engineer,austinjasmine@example.net,EWC7609729,Z0183119,,,09-10-2019,E00081,John,Schmitt
C00472,Lee,Gross,8672986345,Bauchi,RKLXU5812K,04-08-1959,918482663670,"Engineer, drilling",laurenwalker@example.com,,P3715021,PK13965790481,,03-09-2020,E00028,Shawn,Harding
C00473,Basil,Love,7176722259,Palmerston,CRSPQ9624B,02-07-1995,626378679288,Music tutor,wsilva@example.com,,C4142611,BU59022049683,,01-11-2019,E00015,Derek,Williams
C00474,Kelsie,Rivas,6239485451,Balsas,OJMCU4485I,25-05-1992,054258814056,Multimedia programmer,wendy62@example.org,,P4111931,UA79541976777,,31-07-2019,E00161,Ryan,Bell
C00475,Kenyon,Blankenship,8262365781,Việt Trì,KEMHP8883F,15-03-1997,112876018634,Commercial art gallery manager,lopezmartin@example.net,,,LV22407855995,EW-83-647-189-906/963,27-01-2021,E00061,Crystal,Fitzpatrick
C00476,Xandra,Arnold,9744194348,Lim Chu Kang,ZHKMJ7114V,09-11-1998,997303905181,"Engineer, manufacturing",bmcguire@example.org,IVO8790331,,NU04165891019,,01-09-2019,E00161,Ryan,Bell
C00477,Griffith,Foley,6699462445,North-Eastern Islands,VRRBW2345T,20-05-1953,366350609761,Podiatrist,morrisandrew@example.net,WBC4603550,V1979622,,,22-11-2019,E00022,Jacqueline,Banks
C00478,Lucius,Stanley,8265334544,Gölcük,RQHQH2657E,11-06-1965,662313605842,Sports therapist,walter80@example.com,,,,SR-80-330-771-088/893,14-07-2018,E00059,Cynthia,Roach
C00479,Jason,Clements,7913474375,Palma de Mallorca,ROTHH6496U,08-08-1952,692850576796,English as a foreign language teacher,davismonica@example.net,XQS7235905,,,AV-89-814-466-291/933,22-06-2018,E00019,James,Watts
C00480,Nigel,Garrett,6629643398,Piotrków Trybunalski,INUSZ3518U,20-09-1978,946858740826,International aid/development worker,perezvalerie@example.net,VKC8411629,,WJ90959412378,,21-04-2018,E00198,Dean,Smith
C00481,Delilah,Coffey,6886323617,Phalaborwa,USQJT8757U,05-07-1990,019992539951,Seismic interpreter,nwood@example.net,LCQ5497333,,UE50501935268,RX-05-940-974-385/751,06-05-2019,E00197,James,Hill
C00482,Nyssa,Wong,9957177636,Oldenzaal,WSCRD4507N,15-04-1946,605424998018,Maintenance engineer,hardingnorma@example.net,,G7487501,WD53238684134,,19-05-2018,E00043,Connie,Collins
C00483,Brady,Beard,7529723653,Pervomaisk,IUMJB0591P,25-08-1988,915710848917,Building surveyor,tonyaritter@example.org,,L2490082,GU53858365357,SQ-37-349-282-582/530,20-01-2019,E00083,Jeffrey,Young
C00484,Amethyst,Medina,9657818372,Marikina,MGQYG0278P,02-11-1964,186924406171,"Librarian, public",elliottwillie@example.net,NSP1846149,C0076424,MM26222544727,GO-27-048-911-107/976,23-12-2020,E00177,Michelle,Montgomery
C00485,Maya,Hinton,6222874483,Bellevue,CNBBV3723W,09-12-1986,774543198518,"Engineer, energy",rodriguezcory@example.org,,,RZ97150351962,,30-03-2020,E00107,Scott,Romero
C00486,Phillip,Chen,7612875782,Jecheon,ZZOQC7870J,13-06-2003,500823206911,Dealer,christopherconner@example.com,AOS8678935,,TG97657561731,,06-04-2019,E00167,Katelyn,Owens
C00487,Dane,Long,7388144782,Haripur,HSVAK2506D,23-06-1944,799977586600,Petroleum engineer,harrisbrendan@example.com,,,,,21-08-2018,E00102,Melanie,Gonzales
C00488,Tyrone,Maddox,9456387791,Kamianets-Podilskyi,RDUOE4537T,09-01-1973,101789978622,Minerals surveyor,michaelduarte@example.net,XHN7230818,B3357339,,KQ-46-332-733-230/518,03-12-2018,E00061,Crystal,Fitzpatrick
C00489,Anjolie,Neal,9856558335,Kaduna,APANG1933R,13-07-1965,769626740797,Pathologist,carolmaxwell@example.org,,Z5419661,GC53131665754,,23-04-2018,E00042,Christopher,Lutz
C00490,Plato,Myers,9364235247,Lauterach,PFCOR4966Z,21-12-1980,370601283706,Architectural technologist,melaniemadden@example.org,ALX3854702,M7667292,IX93092529210,YK-90-452-122-586/854,17-10-2020,E00031,Sarah,Bird
C00491,Emi,Mccullough,9876491565,Esslingen,YSMMO0176Y,12-02-2003,109978372564,Chartered accountant,nicole53@example.net,IRS8119976,L3349539,,,10-07-2020,E00159,Jennifer,Robinson
C00492,Carissa,Fox,7464455244,Borlänge,ANLXC9737S,29-08-1949,534795352682,Warehouse manager,jenniferjohnson@example.net,FTF6727671,L2502438,,,26-04-2018,E00193,Patricia,Ibarra
C00493,Candice,Cain,9153853885,Bitung,MVUWN5459F,14-04-2004,524887987834,"Scientist, research (life sciences)",lutzwilliam@example.org,AZA6630460,,,RJ-37-353-399-497/693,12-08-2020,E00121,Gary,Ward
C00494,Minerva,Matthews,7386726671,Yahyalı,BCDBI2232X,23-03-1968,806809053478,Risk analyst,nunezkeith@example.net,FIC2186086,K3636326,,TM-10-308-718-964/905,23-02-2020,E00150,Rebecca,Barajas
C00495,Finn,Newman,9686248643,Lidköping,GTDKK1662I,07-08-2001,632809994960,Broadcast presenter,warnerlaura@example.org,JJU2719750,U8024667,LJ94494550686,JU-76-187-031-306/387,08-09-2018,E00106,Wayne,Davis
C00496,Teagan,Hudson,9334622494,Alcobendas,CSMHB3359V,31-07-1977,537109408562,Herbalist,dmartinez@example.org,,E5234424,QQ39994887951,,04-09-2019,E00144,Stefanie,Ramos
C00497,Ramona,Preston,9339682962,Södertälje,PJZZG8635O,17-01-1960,345524965351,"Scientist, research (physical sciences)",ayalakimberly@example.com,WLW8491635,K4630562,PY83158222021,,18-07-2020,E00196,Ashley,Smith
C00498,Kevin,Gamble,9528548345,Dublin,MIUJU5922E,19-11-1952,215224197856,Recruitment consultant,greendawn@example.com,,,PC22420837986,HU-25-768-147-853/768,28-03-2018,E00175,Samuel,Moore
C00499,Destiny,Chavez,6581337884,Penrith,DUQYB9622V,08-05-1958,562867297590,"Therapist, drama",brenda38@example.com,EGR3089424,,,,10-08-2020,E00005,Jennifer,Mendez
C00500,Scott,Townsend,6448235454,Molde,CICDO7866V,28-03-1943,420906257435,Operational investment banker,james17@example.net,FGP1700176,B7227809,,OG-69-953-009-979/096,18-10-2020,E00118,Christine,Pruitt
C00501,Oliver,Attwood,6475788656,Milano,MRZEM9521U,05-11-1967,480700959665,Forensic psychologist,gutierrezdavid@example.org,,R4963622,MZ23963263972,,26-04-2020,E00047,Teresa,Matthews
C00502,Phillip,Cooper,9283884656,Moreno Valley,VURZJ4465F,26-05-1985,759244125721,"Social research officer, government",ecolon@example.org,,M2172325,JA07584109809,,07-10-2020,E00018,April,Barr
C00503,Ryan,Ellwood,9875268989,Murfreesboro,CJETX7837C,04-05-1984,555688789265,Research scientist (life sciences),larry85@example.org,ALZ4829759,,,ET-39-688-598-398/772,31-07-2020,E00041,William,Park
C00504,Adeline,Kelly,6687787136,Norfolk,CTXRY2808M,22-01-1953,481501142519,Counselling psychologist,sanfordjustin@example.org,,,JQ50333893268,KS-86-739-364-113/356,23-12-2019,E00156,Patrick,Hawkins
C00505,Meredith,Anderson,7698287653,Detroit,QKNLD1806K,18-07-1989,615896518330,Toxicologist,kristina67@example.org,OIZ8012338,,OT90512775708,,25-06-2020,E00007,Michael,Jimenez
C00506,Manuel,Richardson,7538748825,Louisville,CFPIE1540P,16-08-1950,658774126515,Community arts worker,mayomelissa@example.org,,,,RT-05-902-670-507/450,20-10-2018,E00123,Jennifer,Mclean
C00507,Jamie,Norris,7544293255,Long Beach,MLMJI1344N,14-04-1966,917372184918,"Editor, magazine features",johnsonmartha@example.net,MTW1733717,M6409445,XH25458160238,KJ-00-706-898-060/487,25-08-2020,E00008,Dan,Porter
C00508,Michaela,Hancock,8395572354,Bellevue,LOQBE5883O,26-02-2000,422369458814,"Surveyor, minerals",shannon32@example.org,JJE4877757,M1676593,LV93392415680,,26-09-2019,E00158,Thomas,Reyes
C00509,Clarissa,Sinclair,6563882844,Huntsville,EJTMW6644E,04-11-1987,244013712520,Sales executive,brian35@example.org,CSL7815753,,,SJ-94-516-977-625/482,19-10-2019,E00088,Mary,Bell
C00510,Destiny,Wade,9782631584,Louisville,VVUZO7933A,11-11-1972,508135701536,Podiatrist,jackiebaker@example.net,GNK5879333,N0994254,,,03-03-2019,E00139,James,Ruiz
C00511,Mason,Allen,6355863668,Berlin,GXNXY1878G,08-11-1946,717647773550,Diplomatic Services operational officer,kevinjones@example.net,,J0954340,NK56532225626,,21-03-2018,E00006,Robert,Hurley
C00512,Mason,Milner,7339543388,San Bernardino,VQOAF3126O,22-02-1992,699381592117,Interior and spatial designer,wadejohn@example.com,OXN5630178,,NK22977329922,,04-07-2019,E00096,Wendy,Phillips
C00513,Josh,Raven,8942558632,Hollywood,INXLJ9275Q,19-04-1983,464660626425,"Accountant, chartered",edyer@example.com,,S2261071,TL14323767847,OO-20-233-100-924/119,27-10-2019,E00001,Kristen,Patton
C00514,John,Willis,7623418674,Escondido,GDQLI3688W,30-05-2003,457249920100,"Lecturer, higher education",mary41@example.org,,,,MQ-48-068-385-785/565,18-11-2020,E00022,Jacqueline,Banks
C00515,Violet,Rodwell,8684667414,Columbus,XRCZL7249V,06-08-1970,053901639828,Public affairs consultant,brenda91@example.org,,,HU20339184190,,16-07-2020,E00007,Michael,Jimenez
C00516,Mackenzie,Ramsey,7884722846,San Diego,KTFUJ2252J,02-05-1969,969625719695,Sub,bnovak@example.org,,E8847493,KS75523371275,HZ-15-528-794-863/847,10-05-2018,E00093,Curtis,Willis
C00517,John,Smith,7574698329,Kansas City,MBMWJ0807P,22-11-1987,373441460153,Orthoptist,anthonyford@example.com,JLF7715450,A9047080,ON42074387069,AB-16-249-781-736/795,24-09-2020,E00024,Michael,Casey
C00518,Ronald,Bullock,8774783218,Columbus,NBLND7962F,23-05-1984,431167012891,Electrical engineer,aliciarocha@example.net,ZSW3899251,M6763914,CZ66994430479,,24-09-2018,E00121,Gary,Ward
C00519,Carmella,Edwards,9684671553,Chicago,XXFFC6830B,16-02-1947,557350809241,Careers adviser,roy72@example.net,,J4769177,,,10-04-2019,E00053,Marilyn,Morgan
C00520,Domenic,Alexander,8242373879,Oakland,FQMBQ8557C,21-02-1961,862714329015,Building surveyor,jesserobinson@example.com,XSH2204049,,,,04-07-2020,E00080,Lance,Johnson
C00521,Ronald,Barrett,8673482258,Bellevue,AESJF9747F,16-01-1996,899714509877,Estate manager/land agent,joshua53@example.com,,B5776941,,,18-10-2020,E00150,Rebecca,Barajas
C00522,Tiffany,Tate,6569372824,Ontario,HGPFB3414V,25-06-1968,073517579838,Chartered public finance accountant,christinelove@example.net,,,,AB-54-063-530-355/623,24-02-2021,E00154,Jaime,Farley
C00523,Alan,Townend,8134926679,Honolulu,PBZHU8036A,23-12-1995,203962604343,"Psychologist, prison and probation services",arnoldjames@example.net,TRS6829208,A9903478,,VC-78-460-707-185/881,29-06-2019,E00151,Angela,White
C00524,Tyson,Kelly,7725623868,Salt Lake City,ICZZT3276F,24-01-1985,267517245658,Medical secretary,mbrowning@example.com,LLP9478698,Y7253565,,PN-43-940-079-393/110,28-02-2021,E00161,Ryan,Bell
C00525,Ryan,Widdows,8311295258,San Jose,LZPPE3979M,13-02-1970,857020403010,Printmaker,brennandavid@example.org,SBQ5643454,,,,31-03-2018,E00090,Russell,Jordan
C00526,Jane,Abbot,7946676988,Albuquerque,WGYOR4245Z,23-10-1965,675640065830,Catering manager,susan28@example.net,EHM0577852,G2820080,,ZW-08-274-872-932/602,17-08-2018,E00026,John,Harris
C00527,Phoebe,Reading,7237545256,Ontario,SEAEJ7222Q,07-11-1979,817060160109,Patent examiner,tylergutierrez@example.com,VTA6092199,,,,14-03-2018,E00136,Jamie,Moore
C00528,Emely,Pearson,6933536183,New York,YEBGM1368O,23-12-1968,660665950113,Rural practice surveyor,walkersteven@example.org,,J9475252,,,19-12-2018,E00105,Jeremy,Lynch
C00529,Makena,Crawford,7324462866,Santa Ana,SVWVB6396D,10-07-1955,278799590920,Site engineer,wintersjames@example.net,HSQ3517544,L3100660,KS45441640629,KA-89-357-957-450/236,17-02-2021,E00135,Kimberly,Murray
C00530,Bob,Weldon,9361483354,Zurich,PZPSX5567V,10-10-1991,810268333365,"Engineer, site",donnaduncan@example.org,EXJ9966161,P5029710,,CT-35-497-076-746/630,06-06-2019,E00021,Danielle,Esparza
C00531,Charlotte,Jarvis,9631869322,Santa Ana,CJAHP7829V,15-03-1979,166452623546,"Producer, television/film/video",coxadam@example.org,NRU4397862,C9833638,VZ99968068331,,13-05-2020,E00044,Leslie,Blake
C00532,Noemi,Reynolds,7157536842,Toledo,PHVOX1303L,22-11-1958,855220760697,Media buyer,smithsean@example.net,MIE5214772,G7497491,OF59813264496,,13-01-2020,E00058,Erin,Rasmussen
C00533,Jacob,Freeburn,7231584855,Denver,VHFJH2352Z,28-06-1964,586262933336,"Journalist, newspaper",smithstephanie@example.net,,,,,21-12-2018,E00185,Robert,Wells
C00534,Sarah,Moss,9164755148,Omaha,HXIOA5700Y,20-10-2001,272603070331,Ecologist,hahnjonathan@example.com,KKS1866654,I8975654,CO34566870746,,27-03-2020,E00186,Philip,Orr
C00535,Josh,Moreno,7166521189,Berna,JSXED5291T,29-03-1971,104458977593,Air traffic controller,lisamcknight@example.com,,,,,28-01-2020,E00104,Jason,Johnson
C00536,Nate,Emmott,8618773627,Minneapolis,FPLBR6227A,17-01-1976,129006198710,Economist,maria96@example.org,,,,,29-05-2019,E00128,Veronica,Marshall
C00537,Sofia,Potter,7512638425,Milwaukee,ELYKG1946S,20-08-1998,513641961142,"Surveyor, commercial/residential",davismatthew@example.net,,G2567784,BH17728496014,FG-15-972-190-023/071,25-01-2021,E00199,Cheryl,Morris
C00538,Alexander,Exton,9476456857,Indianapolis,PPMLL0295U,17-07-2001,973050544098,Museum/gallery exhibitions officer,bcrosby@example.net,HGA5598525,J5893528,,,26-07-2018,E00152,James,White
C00539,Naomi,Amstead,6585232388,San Jose,TPCTR9871O,04-03-1950,457661765278,Personnel officer,orodriguez@example.com,,,VC62566335527,,25-07-2020,E00025,Monica,Valentine
C00540,Bart,Harvey,8554385267,Washington,WASAP1899B,26-07-1983,527877035758,"Research officer, government",godonnell@example.com,BWX3095637,,JC01288070235,AG-84-264-655-784/492,31-01-2021,E00200,Lisa,Parker
C00541,Nina,Gates,9329588616,Louisville,YTGNQ1142Y,20-03-1992,490379860230,Data processing manager,gspencer@example.org,KFF5109652,Q6104684,IR00107669260,GT-07-601-254-042/320,03-03-2019,E00081,John,Schmitt
C00542,Luke,Wills,6492889555,Jacksonville,EKRHB6928P,28-10-1984,725327289642,Health visitor,ydean@example.org,,,HL66106345158,BL-13-477-420-272/843,21-10-2020,E00101,Kimberly,White
C00543,Rick,Parker,6626326356,Memphis,KPVAS0784T,12-03-1953,943843302434,"Conservation officer, nature",mckinneydaniel@example.com,CYT2788668,D1499447,HJ60737782259,,05-04-2020,E00060,Virginia,Hunt
C00544,Leroy,Moss,9417391818,Oklahoma City,VFUMU1792Z,20-06-1950,289678981999,"Designer, ceramics/pottery",harperfelicia@example.com,,I2526716,,,01-04-2018,E00049,Mark,Cooper
C00545,Agnes,Rogan,9728456455,Dallas,JDWZB7100V,17-12-1950,427836323162,Surgeon,dunnlisa@example.org,BBL4648199,S0585848,,,12-02-2021,E00099,Bonnie,Ross
C00546,Carl,Tanner,9889283627,Boston,TKRIO9328R,16-08-1998,653533347209,Scientific laboratory technician,lindsay18@example.com,,F9766150,MW62628908277,JP-25-391-851-868/157,21-11-2018,E00007,Michael,Jimenez
C00547,Roger,Marshall,6251752574,Philadelphia,TXSTQ8196V,28-01-1975,770262897185,Ophthalmologist,xmorgan@example.org,THA5156830,Z6084016,,WY-08-671-829-425/015,28-12-2018,E00022,Jacqueline,Banks
C00548,Harvey,Power,6434943822,Henderson,LMGSC8814O,22-04-2003,679602741406,Engineering geologist,williamsilva@example.net,,N7090651,,,25-08-2020,E00119,Amanda,Johnson
C00549,Laila,Gilbert,6325818596,Houston,PINDD1702T,06-06-2003,298229582066,Public librarian,rileyaustin@example.com,HTA5154419,P9970339,,,18-06-2018,E00145,Lisa,Hardin
C00550,Hayden,Stone ,9284644562,Arlington,XNSZW4302D,24-03-1970,242324808476,Petroleum engineer,ralph10@example.com,QKM9901450,,,IF-11-728-102-412/719,03-01-2020,E00043,Connie,Collins
C00551,Ronald,Gordon,7755438384,Anaheim,NQLUI9730A,12-02-1972,411476529252,"Psychotherapist, dance movement",carol04@example.com,QMN1207543,M1710426,,,16-09-2019,E00163,Hannah,Juarez
C00552,Mayleen,Goodman,9376167574,Anaheim,ZKYJE2616F,19-10-1965,248835875447,Dramatherapist,robertpaul@example.com,,,,SA-83-686-209-316/831,03-07-2019,E00098,Carol,Robinson
C00553,Estrella,Rogers,9846888255,Chicago,FXJGM3443H,06-07-1988,419909531511,"Teacher, primary school",wallandrew@example.org,,,CL15334299498,DH-15-803-989-589/361,23-08-2018,E00101,Kimberly,White
C00554,Elijah,Holmes,6523567267,Fort Lauderdale,XPHPR9405B,14-03-2000,674269559925,Soil scientist,lauradiaz@example.net,,,,,09-08-2020,E00174,William,Collins
C00555,Rosa,Cooper,9188294162,New York,WHSMD9174D,16-02-1992,452173636494,Surgeon,cmccann@example.org,UHH2544789,,,OJ-87-609-839-672/030,28-08-2018,E00183,Jennifer,Brooks
C00556,Ryan,Alcroft,9328692144,Madrid,ZNCJC7742T,09-01-1983,011545354801,Magazine features editor,lyonstimothy@example.com,,,,,19-12-2018,E00117,Philip,Turner
C00557,Aiden,Plant,8225687852,Glendale,SNHPX5878H,10-03-1954,826653979900,Hospital doctor,hurleymiguel@example.com,QRH0648091,,,DS-61-905-232-464/243,28-05-2020,E00077,Philip,Turner
C00558,Alessia,Craig,8512363895,Amarillo,ISJDX0072S,09-09-1961,262510717041,"Producer, radio",cpeterson@example.org,PIL7368895,G4615197,CQ35773582244,,05-06-2020,E00117,Philip,Turner
C00559,Holly,Gilmore,8288887636,Omaha,TBANK3566Z,30-05-1949,525085210131,Health and safety adviser,pwhite@example.net,,J5506245,JM30192095276,,28-11-2020,E00039,Chad,Ortiz
C00560,Sonya,Noach,9941943846,Otawa,QKSUC8281H,01-10-1983,009430206428,"Designer, blown glass/stained glass",derrick59@example.com,VWT5054247,,,PR-95-522-705-477/068,20-07-2018,E00133,James,Herring
C00561,Ilona,Patel,8438681658,Jacksonville,IKEMK0912H,14-02-1997,784411803798,Primary school teacher,ycampos@example.org,,,NO97565309966,,27-03-2018,E00128,Veronica,Marshall
C00562,Ryan,Goldsmith,7837817574,Portland,CRHNB5562C,30-10-1960,768389020327,Occupational therapist,tross@example.net,,,LB75743956490,,06-08-2020,E00116,Teresa,Alexander
C00563,Gil,Snow,9325235918,Madison,HPQOK5002W,05-07-1994,283536952160,Drilling engineer,coxerik@example.com,,,EH50913396906,,23-06-2019,E00116,Teresa,Alexander
C00564,Chad,Alldridge,9934284756,Reno,TKKUX2978X,10-12-1946,037324611674,Planning and development surveyor,lancedunn@example.net,SFW0075197,,BN53004938305,,21-08-2020,E00103,Laura,Castro
C00565,Ivette,Russell,9693439452,Reno,ITYGE6079R,29-11-1954,663236475026,Bookseller,ijordan@example.net,NQI8196450,T9916311,AN25252973725,,09-07-2020,E00037,Alexandra,Sanchez
C00566,Madelyn,Abbey,7594686387,Huntsville,XTPEF4093P,28-07-1992,852486617913,"Surveyor, building",john57@example.com,ODT2239120,L1731763,TG44833612896,DO-63-448-839-678/636,24-11-2019,E00123,Jennifer,Mclean
C00567,Owen,Clarke,6799411752,Fayetteville,STGIB9418V,05-08-1961,648094361906,"Surveyor, quantity",pgeorge@example.com,,E0487651,,NT-91-199-416-576/912,21-02-2020,E00141,John,Whitehead
C00568,Hadley,Waterhouse,8475652544,Garland,VSEGG7514J,01-06-1953,917343555326,"Designer, jewellery",duranmatthew@example.com,CAP1531393,,IE88754297960,JA-00-909-506-253/422,06-12-2018,E00031,Sarah,Bird
C00569,Dani,Farrant,9528587647,Milano,JVWGO4236T,03-03-1994,460719554597,Water engineer,walkerdaniel@example.org,QTD3134762,A8294674,NP76559803482,,03-08-2019,E00189,William,Roberts
C00570,Camden,Yard,8716189535,Norfolk,FSEXL6843C,18-02-1948,719168421555,Biomedical scientist,gfrancis@example.org,,V9373409,GU98522302114,GZ-35-050-684-376/961,03-03-2021,E00087,Rachael,Nguyen
C00571,Christine,Woodley,9573562856,Bucharest,LHVQP1441C,08-07-1958,392425779430,Community development worker,kbarber@example.net,LAB9806659,,,,03-09-2020,E00157,Lori,Wells
C00572,Boris,Niles,7385557765,Salem,ZLEDU8086V,02-07-2001,617824897613,Environmental health practitioner,petersonnancy@example.net,UVX0958454,,PD54462258781,RV-68-807-734-581/734,13-06-2018,E00118,Christine,Pruitt
C00573,Owen,Malone,7864515756,Philadelphia,VTKXI5373P,15-09-1955,199229272304,Chief Marketing Officer,racheljohnson@example.net,KBZ8322006,G2874830,,KP-76-093-062-207/998,20-08-2019,E00100,Joseph,Solis
C00574,Parker,Booth,8735145232,Bakersfield,TWAGK3634R,14-10-1967,402233738405,"Pharmacist, community",langchristina@example.org,LHZ3395573,Q5339623,VN53366238771,,09-12-2019,E00057,David,Mcguire
C00575,George,Tait,8965732221,Scottsdale,BCMSU6075C,15-08-1991,703756885197,"Engineer, automotive",djohnson@example.net,WRW2318430,,,CZ-59-997-688-106/885,30-06-2020,E00131,Ronald,Brown
C00576,Lucy,Clark,7833225668,Salem,REZFT2621M,24-11-1976,513869439731,"Engineer, communications",brittany31@example.net,OFW5964864,,DM20582944410,,04-12-2019,E00032,Christian,Chase
C00577,Eduardo,Collins,7577652262,San Diego,CRXQH8223Y,03-04-1952,859309612454,Chiropodist,sextonmatthew@example.com,,,,,19-06-2020,E00057,David,Mcguire
C00578,Martin,Scott,6679557244,Detroit,EBITC2510M,14-12-1953,428316242289,"Pilot, airline",sarajimenez@example.net,DOJ7507853,,QT50085645213,BL-93-525-706-001/715,06-10-2019,E00151,Angela,White
C00579,Henry,Bright,6591237782,Ontario,WHVTS4735F,18-06-1978,125047466420,Health service manager,chandlerapril@example.org,GJW5889988,Y5602871,YR25100090010,,17-08-2018,E00160,Alyssa,Singh
C00580,Carrie,Graham,8359372297,Toledo,HSCQA6618T,13-05-2003,288357489754,Passenger transport manager,colton03@example.org,STN2475183,,,AK-15-124-835-723/766,18-06-2019,E00015,Derek,Williams
C00581,Ryan,Isaac,6655574816,Boston,PAJAU4762G,15-09-1943,265139719685,Social researcher,ronald57@example.net,,,,,14-04-2020,E00187,Devin,Cortez
C00582,Eileen,Campbell,9785251344,San Diego,YFEZY3759U,22-03-1990,630904262631,Theatre director,joshuawhite@example.net,TNK5179498,,,YW-46-026-076-734/993,21-09-2019,E00013,Jennifer,Jackson
C00583,Tony,York,7753233286,Rome,GVPZN2856P,02-10-1993,864727576527,"Therapist, sports",beardlaura@example.net,RZW2946074,,,,19-06-2020,E00044,Leslie,Blake
C00584,Logan,Johnson,8886534569,Bellevue,MXUZP4112I,05-05-1996,184674653793,"Administrator, arts",wallaceandrea@example.com,ZQN4097122,V8187128,,JV-82-574-371-848/001,03-10-2020,E00132,Barbara,Johnson
C00585,Shay,Whitmore,9434958866,Garland,ZAUQK4217O,24-04-1984,815293667023,Barrister,bryanmoore@example.com,UFD0641423,I5715531,YQ26365534152,,06-12-2020,E00012,Maria,Johnson
C00586,Bob,Utterson,7872338594,Bakersfield,MTIJE0358H,15-06-1964,243081541510,Chief Strategy Officer,moorescott@example.org,QKD4485775,N5915179,,,13-01-2021,E00200,Lisa,Parker
C00587,Carol,Bradley,8766345684,Toledo,BVSGC1395M,12-04-1984,362362645511,Chartered management accountant,shorton@example.net,ISB5875651,G0603389,XA32743192453,,06-04-2019,E00177,Michelle,Montgomery
C00588,Elena,Dixon,9623268268,Murfreesboro,RWHYW9715Q,07-05-1978,297792550732,Maintenance engineer,odavis@example.net,ZPF3758595,C4422891,XR69720079208,,26-04-2018,E00019,James,Watts
C00589,Marigold,Utterson,6717812382,Rochester,IUJOL8291H,17-09-1964,471261836352,Comptroller,jenniferpratt@example.org,UFN3455647,,,AS-50-657-860-593/288,11-09-2020,E00130,Alicia,Sullivan
C00590,Abdul,Garner,6357778767,Memphis,YUDAB0606S,23-08-1991,880311602046,Textile designer,susan60@example.net,WKD3419809,S2024837,,HE-83-297-115-137/688,16-05-2019,E00062,Amanda,Maxwell
C00591,Roger,Partridge,7252578926,Fayetteville,OCGWU4954O,01-08-1984,683927871667,Interpreter,jason08@example.com,GUD1987598,K6170964,,YK-10-857-586-686/075,28-04-2019,E00136,Jamie,Moore
C00592,Roger,Evans,7748732697,Pittsburgh,VWDZX8724R,31-01-1980,232989963543,Civil Service fast streamer,leslie65@example.com,INH0796107,K4276394,,DA-18-728-848-225/736,14-08-2018,E00073,Willie,Reyes
C00593,Rosemary,Newman,9763265995,Bucharest,SDDHK5595S,15-12-1965,815726656652,Music tutor,taylorgordon@example.net,,,,IW-06-982-878-046/902,14-04-2019,E00142,Rebecca,Martinez
C00594,Francesca,Parker,6737389623,Milwaukee,DFDGZ3435G,20-01-1943,055549877655,"Surveyor, commercial/residential",leslieschultz@example.com,,,LQ84700491689,MD-56-119-682-262/894,14-09-2020,E00091,Melissa,Burton
C00595,Elisabeth,Hall,7767575747,Bucharest,FBQLG2068Z,09-06-1996,927504127521,Logistics and distribution manager,carolyn95@example.com,OQH6126544,,,,09-11-2018,E00147,Jessica,Sanchez
C00596,Estrella,Harrison,7722335674,Venice,GEOAX7235E,23-09-2001,870808625322,"Production assistant, radio",dennis29@example.org,,,,,06-01-2020,E00020,Mary,Taylor
C00597,Hannah,Barclay,8727942254,Madrid,EFIUM9577X,24-09-1954,252308103657,Advertising account executive,zachary29@example.com,WER7117262,,,,23-04-2018,E00121,Gary,Ward
C00598,Matt,Ashley,8461625558,Bridgeport,NOPAW1700C,06-08-1957,826211401391,Sports therapist,williamsheather@example.org,BZN6789749,K2414062,,,01-07-2019,E00018,April,Barr
C00599,Erica,Roberts,9837681142,Lyon,UXGTY6102D,25-06-1963,033722746262,Biomedical scientist,hawkinschristina@example.net,,I9723343,,,15-10-2019,E00127,Bobby,Robinson
C00600,Tom,Vollans,6527623568,Huntsville,HISKJ1289J,03-03-1946,366917656005,Immigration officer,evansrobert@example.net,,P5232465,,,18-04-2020,E00012,Maria,Johnson
C00601,Piper,Booth,7734618864,Saint Paul,PAAPJ1466V,28-04-1959,557795006247,Armed forces technical officer,hpeters@example.com,PCJ4514030,T2835340,RD47035688257,PH-82-937-647-734/414,21-07-2019,E00033,Deborah,Powers
C00602,Brooklyn,Maxwell,6247214511,Berna,SZORD4890L,19-02-2004,479264371247,Politician's assistant,brandon10@example.com,,I4079097,AF26494385051,HL-08-597-776-885/647,01-02-2020,E00133,James,Herring
C00603,Thea,Collins,7224532973,New Orleans,IYBYX9786F,25-10-1982,613606865921,Contractor,rasmussenwilliam@example.com,,,NL30796479032,EC-17-787-279-469/696,20-02-2021,E00192,Michael,Gardner
C00604,Gemma,Lane,8978363863,Jacksonville,ZXYPP7183Y,11-09-2002,716313343191,Production manager,scott82@example.org,,U9913046,,FJ-69-056-797-700/566,04-06-2019,E00057,David,Mcguire
C00605,Clint,Rowe,6873475352,Minneapolis,MPKYD1878H,03-09-1983,161944529576,Public affairs consultant,vhood@example.net,VCI9910511,,OK52744966482,WQ-89-492-398-592/098,05-05-2020,E00130,Alicia,Sullivan
C00606,Rihanna,Ellery,6679432621,San Bernardino,WSPQD1579T,09-02-1956,266647529108,"Administrator, Civil Service",steven10@example.net,,,UV48623015716,ZX-85-518-157-761/877,10-01-2019,E00012,Maria,Johnson
C00607,Colleen,Lindop,8439227675,Escondido,LNVIZ2737Q,15-08-1999,220271080934,"Production designer, theatre/television/film",cmedina@example.com,,R3047097,HA29492272211,,05-06-2020,E00163,Hannah,Juarez
C00608,Maggie,Horton,9427566239,Lancaster,CIONO7859Y,28-03-1969,829132326798,Research scientist (maths),rodriguezdaniel@example.org,WFD1461586,Z3626953,,SK-57-435-084-138/109,28-01-2019,E00060,Virginia,Hunt
C00609,Jessica,Dallas,6673198164,Madison,VGLMK1577V,21-09-1987,073120396090,"Psychologist, forensic",loganjones@example.net,,,PG93722160261,,07-02-2020,E00150,Rebecca,Barajas
C00610,Aeris,Rixon,6322662988,Escondido,IHUOL9498U,16-10-1953,731625691417,General practice doctor,moniquesimon@example.org,,F7102529,,NY-39-614-801-492/053,04-04-2020,E00044,Leslie,Blake
C00611,Alan,Kent,6182376444,Worcester,FZUVI5111Z,12-10-1958,736752252129,Writer,valdezstephanie@example.org,,K9844924,,FU-34-939-887-650/466,25-09-2018,E00195,Jennifer,Cabrera
C00612,Susan,Duvall,8739469995,Wien,OXPUP2816P,19-02-1996,760677379451,Office manager,lopezanthony@example.org,NWD5069345,,,,31-03-2020,E00085,Joseph,Casey
C00613,Sara,Jeffery,6251358358,San Diego,PMOHJ4842C,29-06-1974,318131952559,Social worker,travisevans@example.com,ZIP0896292,,,FS-41-353-889-341/170,04-07-2018,E00072,Chelsea,Brown
C00614,Maya,Addison,9564826659,Lakewood,FDBUY6264A,17-02-1981,189293853667,"Loss adjuster, chartered",randymckinney@example.com,,,QN40756073261,MS-43-725-668-991/627,09-04-2019,E00070,Steven,Garrett
C00615,Chadwick,Mooney,8637857217,Orlando,YCPTK8724B,02-07-1990,976008279171,Consulting civil engineer,ajones@example.net,MYT4233685,I5782318,,,17-02-2019,E00097,John,White
C00616,Lana,Walsh,8564473322,New York,RSCUK3142W,10-08-2002,155233849828,Haematologist,kellycrystal@example.org,,,,,30-01-2019,E00104,Jason,Johnson
C00617,Gabriel,Mcnally,7432866584,Nashville,YOFYI6221C,13-11-1973,687163299783,English as a foreign language teacher,crawfordsteven@example.net,,,UN83767042331,CO-33-806-491-788/017,06-01-2020,E00005,Jennifer,Mendez
C00618,Lucas,Lunt,6324996485,Escondido,GPLKQ7613E,06-01-2002,784768150961,"Investment banker, corporate",angela83@example.org,WLS2907173,N0092314,,,08-05-2018,E00104,Jason,Johnson
C00619,Ryan,Crawford,7848278623,Paris,BETYV7281X,04-05-1989,239946826903,Patent attorney,hernandezwilliam@example.com,,,,,25-08-2018,E00049,Mark,Cooper
C00620,George,Griffiths,6361396217,Lincoln,JWCNY0319V,01-06-1978,367289259105,Travel agency manager,jack41@example.net,,Y3260909,,,08-06-2018,E00036,Gina,Sullivan
C00621,Mara,Funnell,6251233497,Kansas City,TMWJT7452H,15-04-2000,479395062090,"Education officer, museum",martinezholly@example.net,VEJ6698826,C7578510,LI04620957500,LQ-12-830-533-612/085,07-07-2018,E00124,Benjamin,Chavez
C00622,Francesca,Sinclair,7728544387,Detroit,DVBAA7877S,17-08-1993,142843036521,Research scientist (physical sciences),jonathan74@example.com,,,,WE-94-912-537-987/035,03-09-2018,E00002,John,Harris
C00623,Bart,Shields,8672856145,Miami,GLVIN5156M,01-06-1946,754278297896,Newspaper journalist,lori34@example.net,BPN3392222,,LH27374201900,,23-12-2018,E00197,James,Hill
C00624,Ronald,Roscoe,7448151386,Cincinnati,NNCGP8148A,12-08-1954,891491590183,Neurosurgeon,yberry@example.org,RUP2092533,M2617034,,AT-60-608-012-151/919,12-08-2020,E00085,Joseph,Casey
C00625,Rick,Cameron,7656871635,Zurich,OETOD4681G,14-06-1961,619755788247,"Designer, jewellery",donaldwalker@example.com,,,WT88846976390,AX-88-937-067-412/308,02-04-2018,E00053,Marilyn,Morgan
C00626,Joseph,Lynn,6572652186,Albuquerque,GRNPM3063L,18-09-2002,391902678442,Forensic scientist,archerjason@example.com,,,IB41012784953,,29-09-2020,E00154,Jaime,Farley
C00627,Erin,Rogers,6466383583,Murfreesboro,IRRTN7641B,12-12-1956,404589439307,Radio broadcast assistant,xhernandez@example.org,TUI6078738,,,,23-12-2020,E00074,Michael,Larson
C00628,Bryon,Hall,7412575176,Salem,QYPQO6885M,14-09-1963,272876284032,Recruitment consultant,oelliott@example.net,,,GL28048712392,KD-84-015-841-737/604,13-06-2019,E00166,Clayton,Stone
C00629,Owen,Williams,7493348222,Innsbruck,OIHDH6437K,18-07-1990,591279227864,Research scientist (life sciences),donald22@example.com,,A2602340,AZ33106540691,MA-55-514-486-159/002,10-02-2021,E00027,Anthony,Sharp
C00630,Johnny,Rosenbloom,9225644117,Lancaster,TTFBN9898K,10-07-1944,581532246345,"Conservator, furniture",maysgary@example.net,YAX4833590,,MU05159155686,,10-12-2020,E00009,Michael,Serrano
C00631,Johnny,Bryant,8593665365,Saint Paul,XKKFO4756G,02-11-1964,773846206020,Occupational psychologist,jamescummings@example.org,TYU3224052,E1361283,SL91054240092,,17-11-2018,E00170,Morgan,Kelly
C00632,Martha,Rose,9558464655,Milwaukee,DTNDV9811X,19-07-1974,801306793012,Claims inspector/assessor,icollins@example.com,XYD7414135,I9414333,,,03-11-2020,E00149,Timothy,Fisher
C00633,Russel,John,6522185519,Wien,ADACO6160W,20-04-1949,296213138056,Metallurgist,zhanson@example.net,,U0798811,FJ60105741777,OX-07-126-765-398/943,03-09-2018,E00047,Teresa,Matthews
C00634,Sage,Brown,7112614267,Paris,UYWOB7445D,27-06-1970,077562526095,Clinical embryologist,michelleortiz@example.com,,X6146116,UW18515614515,,31-10-2019,E00156,Patrick,Hawkins
C00635,Mona,Hammond,7637515272,Bucharest,JCGMS1171H,17-09-1997,617041574538,"Teacher, adult education",lprince@example.org,,,,,13-08-2020,E00026,John,Harris
C00636,Julia,Knight,9386897618,Valetta,AHTPT0856Z,09-03-1952,064614959186,Catering manager,derek05@example.org,AYD4375131,,PP13923451829,,19-07-2019,E00186,Philip,Orr
C00637,Sadie,Rosenbloom,8159822136,Houston,LRAVL4387O,15-04-1968,442714522487,"Engineer, manufacturing systems",hailey33@example.com,QGL6068159,,CK21554666947,,09-09-2018,E00172,Amy,Hardy
C00638,Shannon,Sawyer,9488577745,London,HJAUY6023X,29-05-1972,944560758256,"Psychologist, educational",amandatate@example.org,MBX4706869,,AJ95656163691,NI-53-610-087-016/861,02-12-2019,E00082,Christopher,Hughes
C00639,Nicole,Hooper,6723254372,Minneapolis,KEECS3682N,06-11-1957,604637432310,Financial trader,jameskenneth@example.net,LRS3177333,O4294645,,KU-13-245-695-191/850,13-02-2020,E00003,Nicholas,Cook
C00640,Rocco,Flanders,6648854291,Arlington,OAXFQ7720B,22-03-1982,157788942791,Air broker,courtney80@example.org,,,JL06620334471,IE-93-583-548-662/228,16-04-2019,E00179,David,Smith
C00641,Audrey,Barclay,6376442825,Honolulu,FZISM5270W,28-11-1955,791903668886,Animator,ashleyfuller@example.net,DIG3999486,X7264863,UD53364874692,,21-07-2018,E00137,Brittany,Moore
C00642,Carl,Snow,6626234859,Houston,DJBCB4991O,01-07-1993,078899711884,Insurance underwriter,karenorozco@example.com,,,,,29-01-2019,E00123,Jennifer,Mclean
C00643,Penny,Keys,9536588277,Zurich,DNHTB3663J,23-06-1976,611479292451,Rural practice surveyor,bassstephanie@example.com,,,,EO-49-896-521-304/823,10-04-2020,E00011,Elizabeth,Stewart
C00644,Ryan,Vernon,8865116429,Oklahoma City,LVRMN5961K,10-01-1989,563255039896,Warden/ranger,arnoldjohn@example.org,,D4612291,,,11-08-2020,E00038,Alison,Jones
C00645,Gwenyth,Warden,9497733242,Memphis,DOBJR7108U,13-04-1994,208126701821,Acupuncturist,alyssajenkins@example.net,,I8070369,,,27-03-2019,E00157,Lori,Wells
C00646,Cecilia,Pearson,6662653774,Minneapolis,VVIFC6231W,16-08-1982,874106863543,Quality manager,raymondgonzalez@example.org,GOZ5923817,,EM51670277568,AU-25-875-041-719/828,03-09-2018,E00055,Miranda,Harris
C00647,Charlotte,Benson,7534547563,Wien,XRDPN0538H,20-02-1948,421238913169,Maintenance engineer,udoyle@example.com,IYX5698414,T2367010,,,11-02-2019,E00167,Katelyn,Owens
C00648,Bart,Owen,9855344931,Fayetteville,UTTCA9727G,29-12-1996,011297098375,Insurance underwriter,nthomas@example.net,,Y6070370,IT01887352738,RH-79-049-403-703/284,25-07-2018,E00141,John,Whitehead
C00649,Chester,Sinclair,7466695159,Springfield,AUUJB2097E,30-12-1988,442702430879,Insurance underwriter,matthew89@example.net,,Y3204011,LM33117443220,JR-00-791-328-450/907,23-06-2019,E00135,Kimberly,Murray
C00650,Oliver,Ryan,6732525722,Cincinnati,EZVMO2630V,05-03-2000,423869042330,Operational investment banker,ppatterson@example.com,,D1768196,GK82322792726,,04-01-2021,E00159,Jennifer,Robinson
C00651,Gladys,Payne,8338617384,Fort Lauderdale,NJLOQ4641Z,22-03-1990,459312636604,Records manager,jennifernelson@example.net,TUL4786347,,LP74755009724,,12-03-2018,E00043,Connie,Collins
C00652,Christy,Gaynor,6834637795,Chicago,VTKCI9406R,30-12-1964,764380965646,Paediatric nurse,steven41@example.com,,F8272742,,DF-01-497-040-360/833,04-07-2020,E00059,Cynthia,Roach
C00653,Bryon,Rogers,9662328223,Lyon,TNPHR9390W,27-06-1964,798214282473,"Solicitor, Scotland",dwilliams@example.org,GBD1977205,Y7890373,YP56103460432,,26-10-2020,E00118,Christine,Pruitt
C00654,Sebastian,Pratt,9841738285,San Francisco,THOYS7100K,17-08-2004,716025322227,Product manager,obennett@example.org,,H7314557,,RI-39-317-176-452/712,09-04-2018,E00053,Marilyn,Morgan
C00655,Ada,Judd,8796527333,Houston,CWJYJ0114P,16-02-1998,290637083870,Insurance underwriter,nealalexander@example.com,,,,ES-14-540-078-348/525,29-08-2018,E00192,Michael,Gardner
C00656,Doris,John,6865177224,Boston,IZFJO6368M,13-08-2000,303913088158,Transport planner,anitaowens@example.net,,J0665327,,,04-12-2019,E00134,Jamie,Morales
C00657,Monica,Bright,8686585434,Moreno Valley,MQKAR1518T,07-06-1993,985751463770,Television/film/video producer,ashleyhodge@example.net,,,,AK-65-916-796-520/820,27-06-2019,E00167,Katelyn,Owens
C00658,Stacy,Driscoll,9453468177,Salem,BQISD8192Z,30-06-1997,678762391077,Sports development officer,sryan@example.net,,I6671774,,,02-09-2018,E00088,Mary,Bell
C00659,Matt,Rust,7295639438,Fort Lauderdale,DKVRM2641X,07-09-1981,826389374122,"Engineer, land",adamskevin@example.com,RON3642678,M9438390,,FG-70-056-023-945/752,01-10-2020,E00014,Nancy,Moss
C00660,Tyson,Larsen,9585675782,Amarillo,MNNWN1349O,22-02-1962,700177049537,"Accountant, chartered certified",jessicataylor@example.net,PAK2222431,,,MB-49-889-966-334/540,21-05-2018,E00081,John,Schmitt
C00661,Caleb,Wilcox,6552843352,Venice,EEXMA1221Y,15-07-1988,622160891757,Health service manager,stephaniewalker@example.org,,,YB65592725808,,27-07-2018,E00150,Rebecca,Barajas
C00662,Ramon,Powell,7524288482,Pittsburgh,ACTXP7326M,28-05-1993,848608670219,Medical sales representative,cross@example.org,VVG9351723,U7658605,PA10987993646,SV-06-516-732-916/790,01-03-2021,E00065,Seth,Pearson
C00663,Chester,Mccormick,8692549254,Bucharest,KJMNQ3245A,18-12-2002,212492548091,Commercial horticulturist,elizabeth81@example.net,WQP0841357,,,YA-29-131-377-806/750,26-09-2020,E00073,Willie,Reyes
C00664,Courtney,Hunter,6889614741,Wien,DOSUO5756W,19-09-1952,736500793639,"Teacher, special educational needs",weavertimothy@example.com,,,UJ67474073404,DF-77-267-654-719/251,15-11-2018,E00133,James,Herring
C00665,Mark,Clark,6897326351,Lakewood,KDRDJ1305X,16-07-1981,079159970706,"Geologist, wellsite",debbielee@example.net,TQM5200118,Z0926650,,,26-06-2020,E00026,John,Harris
C00666,Sara,Bright,9453887554,Amarillo,SNOJG3080Y,11-05-1984,556134232943,Trade union research officer,cynthiafoster@example.com,DRL2382130,,,,07-05-2018,E00199,Cheryl,Morris
C00667,Jayden,James,8913696327,Fayetteville,GKYSU3157P,23-01-1945,499374544908,Psychiatric nurse,lesliedavis@example.org,,N8378508,JG87691987730,,07-02-2019,E00018,April,Barr
C00668,Crystal,Kennedy,9495687229,Milano,PHRSR5838M,06-08-1999,293641516783,Cytogeneticist,nathanstone@example.org,,X5730316,YC02116438543,KA-62-751-844-498/594,25-12-2019,E00167,Katelyn,Owens
C00669,Marissa,Fall,6283348628,Scottsdale,EOXFV8955C,15-08-1948,771707901837,Illustrator,brandon94@example.net,ESD0628120,,MX86831273524,EW-88-117-320-266/570,05-03-2020,E00117,Philip,Turner
C00670,Marjorie,Stewart,7582383792,Zurich,KRZXP6283Y,23-08-1973,003226349745,Education administrator,rogerskristin@example.org,,,,ZB-69-174-721-744/072,20-03-2019,E00133,James,Herring
C00671,Matthew,Brooks,8244767532,New York,ZKGMX7284G,30-07-1995,459890220735,"Designer, graphic",brandi18@example.org,,A5305099,,,26-10-2018,E00076,Eugene,Guzman
C00672,Maxwell,Robe,7141415573,Detroit,XDPAA9735B,24-09-1956,617758537480,Personnel officer,adam43@example.org,,U6504410,QB29963528254,UL-05-404-336-145/592,10-03-2020,E00083,Jeffrey,Young
C00673,Doug,Casey,9484321173,Nashville,AVHSS7048Z,15-11-1988,079456377098,Planning and development surveyor,mary42@example.com,VFK7406215,Y8336726,HW43764568088,,17-06-2020,E00098,Carol,Robinson
C00674,Nicholas,Evans,6651737233,New York,INIPN7165R,31-03-1980,050916509763,Science writer,llogan@example.org,,,,CF-69-055-103-638/801,14-04-2018,E00114,Nancy,Smith
C00675,Cedrick,May,9244964426,Jersey City,VLXYS6968T,03-02-1987,152840764507,Cytogeneticist,brandon50@example.org,EKC1438145,,,,01-09-2019,E00078,Andrew,Lynch
C00676,Candice,Ebbs,6388445422,Anaheim,NIIHS4901H,22-12-1945,489708323036,Advertising account planner,logan33@example.org,,E9882368,UR17914076171,FV-71-170-243-054/425,27-06-2019,E00134,Jamie,Morales
C00677,Matt,Egerton,9325876392,Baltimore,HGWYR5743S,06-12-1942,887588064299,"Production assistant, radio",williamramos@example.org,SIX0800977,A6487864,CZ34418754722,,11-06-2020,E00093,Curtis,Willis
C00678,Lynn,Harris,7977811498,San Antonio,QQMRI7591Y,31-01-1961,300066617309,"Journalist, magazine",rogersmichele@example.net,,,XC16301530018,,01-08-2020,E00015,Derek,Williams
C00679,Chad,Rogers,8242552348,Louisville,YVSXT2597M,03-04-1985,643718093426,"Clinical scientist, histocompatibility and immunogenetics",maria49@example.com,KQP7543562,,SY68791329230,,21-09-2019,E00053,Marilyn,Morgan
C00680,Maya,Bryson,7427693544,Venice,OGRPK5672U,28-03-1955,461702261764,Land/geomatics surveyor,helen25@example.org,,K5795399,,,24-12-2018,E00008,Dan,Porter
C00681,Michael,Newman,8276263882,Jersey City,NJSEN0727S,23-04-1959,829261589637,Health physicist,chavezcharles@example.net,UTP3506853,,RR59197229011,IK-72-043-555-865/650,14-11-2019,E00099,Bonnie,Ross
C00682,Isabel,Ballard,8553813874,Hayward,SCCOV6322H,04-11-1950,759236418962,Brewing technologist,karenpruitt@example.org,,N6665907,AH29334512942,DQ-89-950-728-451/382,07-09-2020,E00191,Raymond,Roth
C00683,Lexi,Edwards,9755886687,Berna,JTYUA1380O,23-04-1982,728799944700,Architectural technologist,cruzjessica@example.com,LUA9020046,,QU40999624344,,24-09-2019,E00118,Christine,Pruitt
C00684,Lana,Kennedy,9285191866,Seattle,QEEUN4984T,25-02-1999,011817355366,"Geologist, wellsite",thomaserin@example.com,,X4704444,XQ13293198125,,01-08-2019,E00027,Anthony,Sharp
C00685,Dani,Palmer,8533834354,Jacksonville,NWRIT2819L,28-11-1948,294593985957,Holiday representative,williamsmatthew@example.com,,E5535334,,HM-07-468-664-932/425,12-04-2020,E00009,Michael,Serrano
C00686,Elijah,Craig,7735146142,London,ABQKM9861C,21-10-2002,265872344743,Fashion designer,kimlisa@example.org,,,,,02-06-2018,E00164,Joshua,Wallace
C00687,Kieth,Haines,7675956157,Laredo,GYAIG3792R,13-11-1947,479382973193,"Teacher, primary school",pmcintyre@example.com,NYH4013930,,DI70200284291,DS-43-377-240-485/849,08-06-2020,E00125,Samantha,Atkinson
C00688,Tara,Barrett,9879146551,Worcester,FOEVP4280K,14-01-1958,448072748575,Regulatory affairs officer,marie24@example.org,MCT8393516,W8201143,HS88194622151,AW-99-949-562-373/696,04-07-2019,E00111,Amy,Burke
C00689,Manuel,Roth,8772583282,Tokyo,PFCCF4963F,27-10-1977,630898257300,Police officer,christine45@example.org,AOT2553120,,KI97728421268,PV-38-719-386-207/729,09-12-2020,E00090,Russell,Jordan
C00690,Alexa,Everett,6423426262,Las Vegas,WJLAN3326L,01-04-1969,965667878671,Transport planner,martin74@example.com,,E3649536,,RW-09-357-749-916/207,22-04-2019,E00098,Carol,Robinson
C00691,Estrella,Vass,9746537737,San Jose,OGXQQ2476H,13-04-1944,900357509196,"Doctor, general practice",gking@example.net,UTF5979936,,,,25-11-2018,E00122,Richard,Olson
C00692,Anabel,Drake,7526851616,Laredo,XMAAZ0667D,16-02-1950,594691350138,Quality manager,brownheather@example.com,ICC9360017,B8396057,CH36039593052,VQ-93-668-325-414/473,20-08-2019,E00139,James,Ruiz
C00693,Rebecca,Tailor,6216825621,Milano,PGMEI2493L,10-03-1975,341094763876,Cartographer,gloria36@example.net,,,,ZP-33-230-293-527/861,18-02-2019,E00060,Virginia,Hunt
C00694,Mina,Irving,9718846871,Ontario,PUOOQ9719C,20-11-2002,235574218955,Quality manager,kimberlyreid@example.org,,C4659115,AH12021320126,VR-78-707-809-018/167,23-03-2020,E00021,Danielle,Esparza
C00695,Jayden,Robe,7782937623,Valetta,SKHQL1686K,23-12-1957,604928047808,Theatre director,elizabethherring@example.net,MTV9776024,Q9137814,,PJ-36-334-371-527/429,31-10-2020,E00103,Laura,Castro
C00696,Adelaide,Spencer,9747832165,Garland,VNBLL0622K,28-06-1966,685003115341,"Surveyor, commercial/residential",annenielsen@example.com,,,,DY-88-794-679-811/351,19-07-2018,E00195,Jennifer,Cabrera
C00697,Celia,Weldon,8478114161,Philadelphia,CTAJE2655L,24-03-2000,419651816227,Psychiatrist,lukeburke@example.net,,J1428575,,PI-43-024-357-748/808,05-10-2018,E00131,Ronald,Brown
C00698,Hanna,Terry,8456414173,Lincoln,KTONO7892W,11-12-1962,824980247782,Legal executive,eileen06@example.org,FIL6086974,N6601843,,,02-04-2020,E00098,Carol,Robinson
C00699,Bob,Chapman,7276285883,St. Louis,UVFNY4826E,09-08-1956,868733906832,"Psychologist, forensic",millertara@example.com,QYJ3390330,,PI02686200859,,14-05-2018,E00075,Gregory,Hayden
C00700,Harvey,Thatcher,7542366954,Las Vegas,JNXLM5933V,26-12-1962,587733080022,Intelligence analyst,kathleenwinters@example.net,GBJ4041657,P7657681,XJ16508619899,,13-06-2019,E00196,Ashley,Smith
