custid,first_name,last_name,phone,city,pan_id,dob,aadhaar_id,occupation,email,voter_id,passport_id,driving_licence_id,nrega_id,date
C01201,Maddison,Wilkinson,9421535637,Pittsburgh,BJHSB3222E,24-07-1947,616381344273,Air traffic controller,timholmes@example.com,,,,,17-07-2019
C01202,Sara,Rowan,6552658638,London,IMTTO1710V,17-08-1942,143651549280,Warden/ranger,brad08@example.com,,R6962552,,QP-06-967-996-761/897,26-06-2018
C01203,Doug,Simpson,8394377686,Orlando,RCMCD8377J,26-04-1966,419121898732,Office manager,michellehicks@example.com,,M6221370,CL18849632119,,10-01-2021
C01204,Hank,Eyres,7153466277,Madison,LHKKO5522Q,16-11-1987,034955257820,Insurance claims handler,briannahale@example.com,,X3725068,GE94453984776,GZ-43-667-730-149/250,16-10-2018
C01205,Rose,Fowler,6421993976,Los Angeles,JQAQT1012K,08-07-1990,733821250444,Actor,crobinson@example.org,CXE8311082,,,WW-23-275-557-822/806,18-09-2020
C01206,Nina,Benfield,9329856865,Las Vegas,WFBCW4775L,09-01-1975,438629130327,Plant breeder/geneticist,lukeclark@example.org,,,,BE-78-051-351-187/993,11-01-2019
C01207,Jennifer,Speed,8435858455,Lisbon,YCRIB3318X,13-04-1966,573404285791,Careers adviser,brianfisher@example.org,DZT2201102,,SW01249537136,HM-52-862-781-764/443,18-10-2018
C01208,Russel,Pond,9136248567,Indianapolis,AENKC0063B,06-09-1978,832389479119,Naval architect,xkirk@example.org,,,,,22-12-2018
C01209,Fiona,Emerson,8241754594,Quebec,BMCBI3082F,31-12-1997,777496928963,Chartered accountant,bauerkathleen@example.org,,L8507983,BW63663320112,OK-93-092-277-561/461,23-01-2021
C01210,Sonya,Sylvester,6797287748,Philadelphia,VAMTT1613Z,09-03-1962,882654033466,Educational psychologist,rogersthomas@example.org,,A5568772,RY14657672141,LC-35-297-129-098/328,05-02-2019
C01211,Alessandra,Reading,9366182614,Prague,XCXFV1439A,28-02-1959,777090541355,Music tutor,angelarowland@example.net,,,KM87809116368,,15-11-2019
C01212,Christy,Lindop,6856247869,Madrid,LUGRV0471N,29-10-1948,541601724668,"Engineer, agricultural",kimberly50@example.net,OXD3042679,,HZ79447264308,BS-71-753-472-470/885,18-02-2019
C01213,Chris,Wallace,9661319433,San Bernardino,WDLAT2572U,03-08-2002,985347764355,IT consultant,sethhunt@example.org,,I7115724,IW43328650458,PZ-06-011-100-430/815,13-05-2019
C01214,Dasha,Dallas,9472282556,Miami,EWLVW8572C,01-06-1962,785185508756,Pathologist,martinezchristopher@example.com,ULL4597203,H1622469,LV36111702583,,15-12-2019
C01215,Ramon,Denton,7417972614,New Orleans,KJECL9813K,21-01-1952,168707671335,Legal secretary,michaelmcbride@example.org,,F4168431,,EO-69-706-747-216/545,31-12-2020
C01216,Isabella,Gavin,9449347339,Chicago,PWRFE2708Q,12-10-1987,753842339416,Office manager,kingmichael@example.com,IAG8677618,,AU83305467494,DC-73-099-829-161/097,22-06-2020
C01217,Nick,Reid,9739723348,Fort Lauderdale,HRWZD8099M,16-09-1954,363095783842,Health and safety inspector,gerald34@example.net,,Q9196572,UZ52822825954,,30-07-2019
C01218,Liam,Gosling,9673247824,Worcester,PLXXB9796S,23-02-2005,025426592498,"Engineer, aeronautical",eugenehaney@example.com,PUC5187566,L9857940,NE37238070310,YP-28-567-862-712/787,28-04-2019
C01219,Lindsay,Bailey,7185832863,Indianapolis,KPZCG0991O,24-06-1970,455768740123,Surgeon,rgould@example.com,WXS1089649,,SQ10324763750,,10-07-2018
C01220,Ramon,Tanner,6897469337,Jacksonville,BONEZ4800I,14-04-1994,527875791276,"Radiographer, diagnostic",ramosolivia@example.org,WHD5240329,O8912615,OY26822076681,,01-08-2018
C01221,Hank,Rose,8182594794,Murfreesboro,FYEIU2772M,11-08-1981,899611338445,Catering manager,leslie95@example.net,FRZ0359467,J3220917,WN40323071674,CK-45-304-608-861/723,19-01-2019
C01222,Melania,Rycroft,8258996362,Oklahoma City,LFVAW8101S,17-01-1952,654127399898,"Designer, fashion/clothing",elizabethshepherd@example.net,,P7380237,QO01642928130,,31-05-2020
C01223,Sabrina,Matthews,9742371979,Philadelphia,PXZUT0428K,06-11-1997,177136883330,Environmental health practitioner,jacksonlisa@example.org,,,,,02-09-2019
C01224,Bridget,Notman,7729454772,Denver,BNRWK3001T,21-02-1980,840275117966,Dramatherapist,kelly18@example.com,KVX8617786,V2299123,,BB-95-561-036-359/291,15-09-2018
C01225,Wendy,Morgan,6341156756,Sacramento,PECXR6608H,25-11-1964,206415192060,Mudlogger,williamsalicia@example.net,,R7587840,WO26087586954,,08-01-2021
C01226,Maia,Stewart,7254877948,Berna,REEUZ8091A,17-06-1999,686400493074,"Presenter, broadcasting",michaelscott@example.org,,V7376692,IG89654048239,UZ-45-547-613-909/504,18-11-2018
C01227,Daphne,Santos,6423377777,Richmond,EDBPZ8677E,06-01-2000,327611070859,Theme park manager,larry80@example.org,XFD1079194,,EM44079493131,,02-10-2018
C01228,Jamie,Oswald,9268855855,Seattle,UEUFN3433D,03-12-1995,803554936810,"Producer, television/film/video",patrickbass@example.net,QVU9007911,U9321368,FX89534344673,,28-07-2018
C01229,Renee,Speed,6583456742,Las Vegas,LZBCH1932C,29-06-1981,995988703955,Brewing technologist,tanya86@example.org,ZEP4570151,I2464368,VI09396922757,,18-06-2018
C01230,Marigold,Forester,7322742784,Albuquerque,FTAEU0566C,02-09-1994,043988045537,Sales executive,jlee@example.org,,B0051252,,,26-08-2018
C01231,Freya,Samuel,7828482938,Phoenix,DOPYR9866E,10-03-1945,880139813745,Multimedia programmer,keithkimberly@example.com,,,,,07-08-2020
C01232,Raquel,Groves,7587237142,Santa Ana,CSVDK9975O,06-03-1943,004437891245,Location manager,bsmith@example.com,,N6194978,,,22-04-2018
C01233,Ryan,Randall,9456359883,Charlotte,YBOTE6580F,12-02-1946,989482889948,Forensic psychologist,njohnson@example.com,IQS1358070,D2710085,,CZ-95-868-606-366/479,25-05-2019
C01234,Hadley,Mccall,7553776487,Cincinnati,PNWOP0136T,24-01-1967,427936611497,Public librarian,joshuabyrd@example.com,,,,,29-03-2019
C01235,Jessica,Turner,7234335453,San Diego,KWJTH0639T,18-12-1983,560380603774,Chief Operating Officer,kathleen40@example.com,FFL3610040,A3848821,,IA-33-468-497-420/600,25-11-2019
C01236,Barry,Allen,9413157572,Portland,VMNXM6820B,20-07-1982,946944658110,Historic buildings inspector/conservation officer,leemichael@example.com,,Z0728630,,CZ-08-693-293-016/722,07-12-2018
C01237,Quinn,Upsdell,9352337946,Long Beach,VJGNU0992C,26-07-2003,312879889498,Tax inspector,snyderdonna@example.org,,,,EL-15-465-669-505/841,22-07-2018
C01238,Dakota,Cobb,6515497368,Tokyo,DOOTT8183V,02-10-1990,257702769501,Social researcher,andersonmary@example.org,,,,,28-01-2021
C01239,Denny,Rosenbloom,6541384438,San Francisco,SQREA8835E,08-12-1986,364349676298,Customer service manager,greenstacy@example.org,SYC8720728,,MC25004163716,,12-03-2018
C01240,Ronald,Watson,8532487489,Stockton,CARVF4436X,10-10-1972,414305317511,Make,fsmith@example.net,RUA7114209,V0766151,,,23-04-2019
C01241,Carl,Miller,7382483867,Baltimore,EAHBH0399X,25-02-1954,166918093367,Patent examiner,donaldphelps@example.org,,Z5432115,,,17-10-2019
C01242,Danielle,Bishop,8658274177,Amarillo,WZQBS8155L,28-05-1948,315417202005,Environmental health practitioner,courtneyjones@example.com,MZE6423741,,MM79905423200,JH-86-136-638-564/639,09-07-2020
C01243,Manuel,Gaynor,6373951255,Berlin,REGYI7092K,16-10-1958,092529513245,"Teacher, English as a foreign language",andrewford@example.com,PCK6760619,,,TX-13-516-396-872/287,01-10-2020
C01244,Barry,Patel,6433644381,El Paso,WIROQ3657K,24-12-1945,632723292807,"Exhibitions officer, museum/gallery",njordan@example.org,,K2925393,NC23873588664,NF-15-411-543-310/907,10-11-2018
C01245,Ramon,Logan,8157478469,Las Vegas,PLENM4609F,01-04-1985,059970123200,Recruitment consultant,charles12@example.com,,,,,22-02-2019
C01246,Callie,Boden,6423666866,Orlando,UHJGH1979T,10-12-1962,431445477065,Technical brewer,morgan99@example.net,LZD1997398,R1011074,US19975812675,KT-15-589-993-836/236,18-05-2019
C01247,Aiden,Powell,9644922723,Lincoln,AJQVK3221S,24-04-1984,973744893542,"Production assistant, television",eric50@example.com,VWZ7517938,D2220369,,GB-26-152-240-947/247,19-05-2019
C01248,Adelaide,Clarke,6472847893,Milano,FRINV8900P,14-08-1948,069547222017,"Conservator, furniture",lellis@example.net,,O4065016,RY32201400417,,28-05-2018
C01249,Kassandra,Glass,8953518283,Honolulu,JMOZQ0424B,05-02-1980,285440275150,Futures trader,ojohnson@example.net,KNM9443836,H7295446,SI81118901060,JU-23-421-184-390/419,20-09-2020
C01250,Bryon,Lane,8528529728,Lakewood,TOEAX6068S,20-11-1973,408667329602,Tourist information centre manager,tinavega@example.net,QOS5436054,U2899829,AP27479946012,,07-08-2020
C01251,Drew,Ring,8283654323,Cincinnati,URTCR9607C,12-07-1992,525477271808,"Lecturer, further education",hkim@example.com,,Z8405939,,VH-64-847-425-820/498,04-02-2019
C01252,Tyler,Ingram,8563598744,Quebec,BTNAB7665M,14-02-1984,733237688942,"Chemist, analytical",alex60@example.org,OZK4042156,B8665336,,,14-05-2019
C01253,Georgia,Seymour,9731614874,Berna,STGRI9546F,05-10-1986,663151198910,IT consultant,nburgess@example.com,,,QX21601420998,GK-73-578-362-868/680,15-10-2018
C01254,Alan,Corbett,9552435625,Fort Lauderdale,TNFQR9722A,19-11-1967,705844268091,Training and development officer,igates@example.org,OME3680707,O4308630,,LS-30-039-059-114/529,14-07-2019
C01255,Chris,Harrison,7474349795,Miami,UHJYA0107R,30-11-1963,306301018443,Radio producer,sullivanmichael@example.org,WNV2932275,,,UB-83-658-429-204/818,23-08-2019
C01256,Noah,Holt,8727434516,Hayward,NKVQV6928H,13-10-1945,982069527746,Chief Executive Officer,uallen@example.com,JEB8180439,T3552245,MW63578163041,,23-08-2020
C01257,Aleksandra,Cavanagh,9155386364,Phoenix,PVXMK3738D,09-09-1984,920344924135,Diplomatic Services operational officer,gabriel30@example.org,YQY8866803,X2604837,,,10-12-2020
C01258,Daron,Irving,6127249999,El Paso,FHONO2546N,29-06-1948,144961517402,"Education officer, museum",pwilliams3875@example.org,SCW5221504,,RB56949667508,,23-04-2019
C01259,Nicholas,Weston,7424338788,Albuquerque,QIQKG5046O,14-03-1953,877374158596,"Producer, radio",paynejose@example.net,GOP0812921,,,CA-20-823-804-842/473,01-09-2018
C01260,Martha,Larsen,6328436647,Tulsa,EFTNR5999C,29-03-1942,746556563597,Licensed conveyancer,priceangela@example.com,,I3068221,,BR-19-053-573-955/230,30-01-2021
C01261,Julius,Douglas,6854282265,Venice,IYPLX0366F,15-11-1982,948471583383,Writer,andrewanderson@example.com,DHV4860573,,TZ40391533923,GT-10-364-071-294/536,11-12-2018
C01262,Holly,Appleton,6162227497,Hayward,IHDWH3424Y,01-05-1968,118808010335,"Optician, dispensing",powelldouglas@example.com,WDH3783247,B1854558,,ZK-31-496-630-119/949,18-05-2019
C01263,Eduardo,Willis,8337268554,Colorado Springs,ULLLA1795K,05-09-1944,141075774360,Music tutor,jesse07@example.net,,,EM38811308745,,19-01-2021
C01264,Tyson,Dobson,7646627757,Valetta,BXMEV9502F,18-04-1982,526309514948,"Surveyor, land/geomatics",allisonjames@example.org,OXH9011587,G4154113,,,19-07-2019
C01265,Matt,Silva,8956637722,Escondido,PTMAU8227W,31-07-1952,658207418164,Interior and spatial designer,ruizchristopher@example.org,,R3316955,,CM-24-276-985-178/532,23-05-2020
C01266,Marvin,Reid,9144199175,Detroit,WIQUP4571O,08-08-1963,074890304664,Exhibition designer,john57@example.org,KGJ9498209,R9842533,,,31-01-2020
C01267,Daria,Morley,6237233853,Oklahoma City,NCNAX6041C,19-10-1992,873541120545,"Designer, television/film set",jthornton@example.org,RDA2846949,S4613167,RY09313789251,,10-12-2020
C01268,Josh,Scott,6648678377,Valetta,BIIBG7702U,07-11-1994,334832896496,Outdoor activities/education manager,nlogan@example.com,,Y7421023,FV80632339443,CD-96-319-906-460/418,01-12-2018
C01269,Summer,Page ,9983936614,Oakland,PMKON9927Z,01-12-1969,895931615042,Tax inspector,alexis29@example.org,,U4300720,,,26-12-2020
C01270,Sabrina,Lee,8593834872,Boston,QOFNB4530T,01-10-1947,569296043079,English as a second language teacher,william02@example.net,WKJ8857317,X8336315,,II-16-977-279-294/737,08-07-2020
C01271,Rocco,Selby,7261356672,Phoenix,UHRSY9136K,19-07-1968,602697063639,"Teacher, early years/pre",johnbenjamin@example.net,WYG4840199,Q2575541,QF89314486450,BN-54-733-853-004/935,01-10-2018
C01272,Mackenzie,Benfield,8744656268,Atlanta,RQQHQ9900V,24-02-1973,501148962520,Mining engineer,cdixon@example.net,TYZ4528637,,,,16-03-2019
C01273,Marina,Vince,6123912484,Murfreesboro,WGRMD3114N,03-06-1948,173056673494,Civil Service administrator,jclark@example.com,,A7014984,DO02666216673,CZ-01-034-749-962/917,22-03-2019
C01274,Bart,Vollans,7146497377,St. Louis,ISYNX1653M,26-08-1944,927103384026,Fast food restaurant manager,christopher42@example.com,CVI8810278,,TL38748329428,,02-05-2018
C01275,Rylee,Crawley,8722566238,Tulsa,RBWGD2181W,13-09-1986,603828784127,Database administrator,aallen@example.org,,,,AQ-89-178-673-503/224,18-02-2019
C01276,Ryan,Giles,7635746615,Atlanta,JTGUA6662B,16-10-1959,892699787517,Curator,bryanpotter@example.net,RMB5425891,G8633168,EH81965143789,,23-06-2018
C01277,Johnathan,James,6521764952,Henderson,QNQDF6618D,28-07-1970,960518525426,Patent examiner,jacksonkaren@example.com,LMQ6245157,P4821522,OP09109602284,YP-71-583-393-277/722,08-11-2018
C01278,Alice,Horton,6343924152,Laredo,CBUZY2862A,25-10-1998,707397152848,"Accountant, chartered public finance",francesstewart@example.org,QKH5556163,,,,02-02-2021
C01279,Ilona,Blackwall,9722442434,Jersey City,GYPTK7029Q,09-01-1972,274994016963,Ship broker,anne56@example.com,ZBG2806918,,,,06-10-2019
C01280,Carla,Vass,9884754834,Long Beach,UKKSE5427P,04-11-1962,101905603818,"Merchandiser, retail",vthomas@example.com,,N3265081,,,12-05-2018
C01281,Carissa,Latham,9637742577,London,EROYA8756E,30-08-1951,812125445686,Transport planner,smithdiana@example.org,,L7763697,,TS-65-453-515-764/510,26-06-2019
C01282,Brad,Woods,6378264288,Las Vegas,ZNBVI9908C,15-01-1994,788665750274,Technical sales engineer,ellisjennifer@example.org,,,TC66768855798,ON-29-643-333-676/464,17-02-2019
C01283,Anthony,Gilbert,9584572342,Bellevue,LXMMH6331M,17-10-2000,857181397222,Television production assistant,ricky16@example.org,OKU2675071,L7737869,TO80847759512,,02-01-2021
C01284,Olivia,Umney,7456783285,Moreno Valley,XKOTS9428M,18-04-1970,866541264079,"Administrator, education",aliciagarcia@example.org,CFY7026589,,SE90903742312,QW-94-446-611-913/085,24-04-2018
C01285,Megan,Murray,8444653629,Phoenix,RKWVM3208J,02-01-1973,954806073023,Education administrator,whitemario@example.com,,Z7481462,,,29-11-2019
C01286,Cameron,Bingham,7542587438,El Paso,NLNFR1501E,27-11-1943,431201697765,"Embryologist, clinical",riverskimberly@example.org,ERD5455221,O2707191,ZF47257313257,OF-02-634-402-562/080,23-12-2020
C01287,Ethan,Parker,9687123397,Laredo,KUUPQ7629F,04-10-1980,005190477609,Dispensing optician,laurie52@example.com,ONO5487416,C9736210,SQ89034669828,,24-04-2020
C01288,Martin,Whinter,7695453738,San Bernardino,ZGGMT8533M,31-12-1989,968014437135,Product manager,larsondavid@example.org,,,,,28-01-2020
C01289,Marina,Warner,6285257555,Rochester,NROOK5544F,06-04-1997,309104241376,Community education officer,parksrachel@example.net,LEL5595407,,SR17300916169,HD-10-891-550-501/928,23-03-2018
C01290,Percy,Martin,6373229267,London,WTVSG1752O,30-03-2002,379827584294,Tourism officer,maysmegan@example.net,,,,,20-04-2018
C01291,Hazel,Lakey,9397573316,Baltimore,WNZNR3673B,14-01-1958,863327733267,"Buyer, retail",wdiaz@example.com,ZGC2411981,K6983934,,YS-11-792-641-982/459,31-08-2020
C01292,Erick,Gray,7643212782,Paris,WNYRQ2314E,19-02-1979,752942597324,Insurance account manager,mclaughlintony@example.net,RPF8871962,,,NR-31-596-948-051/312,21-07-2020
C01293,Enoch,Mann,6666828345,Tallahassee,LNCYC5037D,07-10-1971,930345409717,Field trials officer,cbush@example.org,,,PE50807760849,,26-07-2020
C01294,Nick,John,6441655453,Tulsa,CVUXL7917N,19-04-1945,896433513658,Architect,vhouston@example.net,,,,,24-03-2020
C01295,Hank,Kaur,8724923996,Fort Lauderdale,EWQMS6548C,16-09-1978,657770819942,"Therapist, drama",charles88@example.org,,V3419364,,,11-11-2020
C01296,Leroy,Parsons,8726463937,San Bernardino,PCNST0706A,20-02-1947,660038359181,Chartered accountant,davismary@example.com,TIP1595522,,,RX-33-013-451-701/079,30-03-2019
C01297,Nate,Nobbs,6323418755,El Paso,ETEZT2865D,05-06-1981,820561048383,Commercial art gallery manager,brownleah@example.net,AGI7229053,J9635544,,,04-03-2020
C01298,Olivia,Little,7651523432,Albuquerque,AOBBZ8777K,17-03-1965,889283333260,Clinical biochemist,davisellen@example.net,,W9486400,FU22533817234,,22-08-2020
C01299,Carla,Bentley,9289228369,Springfield,ENFGD1871Z,21-06-1987,756493217406,Geophysicist/field seismologist,jonesgloria@example.net,XID6247836,K5494312,ZF22164896810,,01-02-2020
C01300,Tom,Reid,8854439667,Denver,QGWHL5926Y,09-06-1957,222272706253,Media planner,cmyers@example.net,UVT8862770,O9992153,,,01-10-2019
C01301,Lana,Lynn,6575621268,Prague,TFIMY8635V,25-08-1943,086488375737,Operational investment banker,danieldavis@example.org,,,JP24795849100,YP-80-563-075-649/331,20-04-2020
C01302,Clint,Plant,7987386681,San Diego,HLLOF3359R,29-09-1991,990923512676,"Nurse, adult",mflores@example.net,,Q8207906,,,31-10-2019
C01303,Paula,Harper,9736834348,Washington,RLPXB0377Z,29-08-1983,795186664010,Mental health nurse,linda56@example.net,UCP5003703,I1080017,,QQ-66-776-484-925/470,10-01-2021
C01304,Gil,Benfield,6617525578,Lisbon,LGWPV8323D,03-07-1980,681880496567,"Teacher, special educational needs",mrobbins@example.net,ZFP6182870,U6275925,HX08579747645,,22-09-2019
C01305,Mike,Noon,6352196546,Charlotte,FWQTK9442G,15-01-1991,331221029220,"Programmer, applications",joseph95@example.com,,,OU53298270669,,16-08-2018
C01306,Shannon,Addis,9736386248,Milwaukee,GZLLG5195H,11-12-1947,352034850147,Graphic designer,nicolemitchell@example.org,KWD5571670,,ZA69724806069,DL-10-516-091-685/607,13-01-2020
C01307,Kamila,Victor,9646862824,Las Vegas,NXEQN3242H,04-10-1994,222936957499,Personal assistant,smithchristine@example.org,,,DG40448060299,,29-08-2020
C01308,Angelique,Rogers,8496891554,Louisville,RGTMU6336S,11-12-1965,102507712872,Advertising account executive,robertdean@example.net,CXO9105458,I9150338,,,21-05-2019
C01309,Jayden,Yoman,9152187972,Kansas City,GRZSM1521O,22-06-1970,084600313951,Neurosurgeon,umeyers@example.net,,M6816575,XX15362332573,,22-08-2018
C01310,Chanelle,Seymour,7378142212,Sacramento,QLZOC8270C,02-02-1981,530115615645,Advertising account planner,michaelahunter@example.com,,,,,02-12-2020
C01311,Maribel,Parsons,9386483733,Madison,EDZES7745W,19-06-2004,502547201505,"Surveyor, rural practice",dhicks@example.org,,,FJ24133296718,AP-93-306-360-755/475,14-02-2019
C01312,Carter,Eaton,7343852956,Norfolk,IZXYM8587T,21-08-1990,313102392192,"Programmer, applications",ejones@example.net,,N4578626,,,11-06-2020
C01313,Jacob,Todd,6791755376,Paris,GOEZD2479X,24-09-2001,489936544131,Research scientist (maths),rebeccapayne@example.net,,F9671512,ZS59590616659,HM-47-573-141-319/177,26-02-2019
C01314,Tess,Roberts,7277473668,Garland,VXXVL0968T,15-07-1988,787934449616,"Education officer, community",awashington@example.com,,A1005180,OZ55771889419,,25-09-2020
C01315,Lara,Durrant,9546676653,Lisbon,FFQHR4984X,03-11-1961,707169107695,Arts development officer,itrevino@example.net,,G8783625,QU11247176750,MV-19-617-020-377/143,24-05-2018
C01316,Sasha,Ingham,9132478151,San Jose,KFQUQ7544C,27-01-1952,126428737470,Ship broker,robinsonderrick@example.org,PDQ1641104,,,FU-67-628-709-121/749,26-08-2020
C01317,Lorraine,Yates,7876847824,San Jose,VKSJL8555N,17-12-1947,677912998088,Charity officer,martinezjenny@example.com,,,OE92644575865,,08-03-2021
C01318,Caleb,Nicholls,6335539475,Escondido,HLCXM8079V,22-02-1966,241952048507,Mining engineer,vgarrett@example.net,,N3858984,NA89063586446,IX-44-202-834-313/780,05-02-2021
C01319,Chuck,May,7542782739,Wien,UMGNY3747H,26-03-1999,110354040659,Hydrogeologist,solisrebecca@example.com,,X5389209,OB29038193472,CU-22-247-221-440/842,01-04-2018
C01320,Molly,Nobbs,9619621897,Columbus,ZERQB0438A,15-01-1964,080850366863,Insurance account manager,gonzalezrobert@example.net,YWJ6252913,V7753870,AP64276575123,,30-12-2018
C01321,Brad,Pickard,8336416625,Phoenix,EGCVM1907J,08-06-1942,494719993278,Chemical engineer,davisvanessa@example.net,,,,GK-61-678-869-578/253,04-04-2018
C01322,Phoebe,Barrett,8336552843,Philadelphia,HJVXQ2990P,21-02-1961,011871733649,Health and safety adviser,ylowe@example.com,CGC9960247,B7357906,,,25-10-2020
C01323,Andie,Noon,7135812626,Berna,KYZAM2008K,15-05-1944,569481536280,"Journalist, broadcasting",george18@example.net,KON9148796,,,,02-12-2019
C01324,David,Penn,8566535342,San Bernardino,ZENMG9298U,29-11-1974,779590905719,Television floor manager,moralesshelly@example.net,SMN8913375,,,HH-77-671-457-198/946,13-11-2020
C01325,Tyler,Mullins,7477966636,Milano,GTLGH8699I,03-05-1986,945822637968,Accommodation manager,baileyjennifer@example.org,HRH0830468,,,,14-08-2020
C01326,Lucy,Little,6358331599,Valetta,XXTZS7191I,25-06-1965,043801762158,Toxicologist,nicolebridges@example.com,,D1319256,,,10-06-2018
C01327,Marilyn,Summers,6371967866,Long Beach,YJLKG9497J,04-06-1970,189649317045,Sports development officer,johnsonwilliam@example.org,,C2502324,JH34566477500,HE-45-092-376-199/093,14-09-2018
C01328,Havana,Vangness,8643734274,Paris,TFSAG7337V,27-10-1996,528710423357,Neurosurgeon,carolyn34@example.net,,X3908652,,,01-01-2021
C01329,Liliana,Wild,9382255795,Quebec,NPKOO8257E,09-12-1973,694503669575,Retail banker,brianmurphy@example.com,,,,,08-05-2018
C01330,Harvey,Wise,7571116318,San Bernardino,QFEML2114X,19-12-1994,826786258714,Art gallery manager,scottdavis@example.org,,,BL46159285640,,20-09-2020
C01331,Leslie,Fisher,7555361652,Pittsburgh,WJTBB6846C,27-12-2000,278893450318,Camera operator,kalexander@example.org,,Z8075816,WP21034864680,HA-89-775-425-538/902,30-11-2019
C01332,Dakota,May,7657855733,New Orleans,RVGJD9338S,13-11-1975,995481865924,Curator,pmartinez@example.net,ORF8851244,,,,20-10-2020
C01333,Carolyn,Williams,7244856338,Bucharest,LTYXT7387Q,30-05-1977,325110857948,Operational investment banker,burtonbrittany@example.net,,C4541797,FR84279521440,OA-74-812-114-020/094,03-06-2020
C01334,Carla,Hobbs,6476486136,Milwaukee,UIQQS5200O,04-04-1946,435488146675,"Scientist, physiological",soliskenneth@example.org,,Z5124415,,,31-10-2018
C01335,Martin,Vaughan,6277344578,Indianapolis,VUZZM3412D,14-10-1987,199233409982,Production manager,johnsmolly@example.net,,I4942966,,GZ-28-396-694-111/896,25-07-2020
C01336,Mavis,Exton,7356656373,Seattle,VKSVX1747Z,24-10-1949,987873548079,"Producer, television/film/video",stephaniefernandez@example.com,,H8795080,UK02455455539,PS-82-166-176-963/572,25-01-2019
C01337,Alice,Johnson,9875838688,Lakewood,VWVBC0566A,16-10-1973,788822870039,"Administrator, arts",wrightjoseph@example.net,EAG2494410,R2475281,,,17-03-2020
C01338,Jacob,Reid,8531721114,Arlington,OAHEY2323W,26-11-1992,499253009728,Press photographer,smithmichele@example.net,OAA3508466,,NV53920050841,YZ-88-904-678-501/025,10-01-2020
C01339,Tara,Hall,6896453424,Escondido,WRVNL0100Z,17-12-2000,733991661162,Trade mark attorney,vangsteven@example.com,,,GF23748684616,QX-35-673-029-510/335,11-12-2020
C01340,George,Nelson,6471393247,Miami,XJGVA8829U,28-07-1990,183492776771,Air broker,krivera@example.org,,,,NY-43-159-777-684/967,28-06-2020
C01341,Rosalee,Kennedy,8811754488,Amarillo,LYAUH8557U,25-09-1969,588819334304,Careers adviser,newmansandra@example.org,,F9954063,JX40608783404,FJ-36-776-435-938/917,07-05-2019
C01342,Mackenzie,Robe,8129276818,Worcester,RCUTU9085U,22-06-1981,696513469790,Research scientist (life sciences),jeffrey26@example.net,,O3447540,NH49944257035,XO-21-042-096-059/995,10-10-2018
C01343,Belinda,Powell,7187598282,Columbus,WYSWN1314L,24-11-1991,802530792480,Visual merchandiser,henrynatalie@example.org,OGG6293662,,,ED-33-124-049-558/867,21-12-2018
C01344,Freya,Cassidy,9558484937,Rome,NAYIE9277Y,07-02-1949,474370466833,Research scientist (life sciences),jhill@example.org,UNZ5409171,,RZ00249280041,,30-01-2021
C01345,Megan,Rowan,6553695713,Indianapolis,TRUDJ7225L,02-02-1957,508843854108,Adult nurse,diane99@example.com,,Q8896657,,,11-01-2021
C01346,Helen,Squire,7527862497,Albuquerque,UWDML7651R,28-03-1989,965483424799,"Designer, fashion/clothing",lawsonolivia@example.net,,,,JY-85-283-974-464/814,08-01-2021
C01347,Carina,Wallace,6725297365,Hayward,WMUEW7484S,22-11-1988,821579678680,Trade union research officer,nmontes@example.net,DHB2308464,X4794872,,BV-51-350-836-568/037,24-04-2019
C01348,Marvin,Lomax,9762885467,Madison,BHTEB0425P,31-03-2003,465526951013,Television camera operator,robert43@example.org,MNJ2154793,F0896523,ZV43183981801,BJ-61-171-587-175/010,06-08-2020
C01349,Rosalie,Niles,9732123577,Lakewood,AFSUE3751K,22-01-2003,291508010290,Sport and exercise psychologist,laura63@example.com,,,FK79865351233,LM-38-923-283-434/206,23-10-2018
C01350,Lynn,Dallas,9465126953,New Orleans,UHMFG7830G,14-04-1946,999455925401,Microbiologist,wolsen@example.net,,,VD08313269655,,20-11-2019
C01351,Adina,Walter,9712947279,Louisville,REFPE0840Q,18-05-1970,656710681639,Social worker,burgessmichele@example.net,,Z7390728,,UN-49-547-454-808/442,27-10-2018
C01352,Gabriel,Stubbs,6331747376,New York,DZGVV0572F,21-07-1947,216332779776,Translator,cgutierrez@example.com,,L5942491,MU54530029456,DM-20-467-243-694/856,03-06-2020
C01353,Mason,Fields,7749323422,Escondido,TPACS1329X,15-01-1966,459613998829,Dealer,richardsonzoe@example.org,,,GH78099972829,,02-05-2020
C01354,Rhea,Camden,7928668874,Louisville,UYWQK0302X,04-01-1974,418943090849,Waste management officer,tracey39@example.com,,,,,01-08-2018
C01355,Clint,Cowan,7538847843,Prague,WZHJL6711X,19-04-2002,946134523636,Commissioning editor,justin64@example.com,,,KG73740953724,,20-08-2020
C01356,Hank,Terry,7331256763,Milwaukee,DHCNJ1483T,14-12-1955,365370452428,Dietitian,iherrera@example.org,PDC6154774,,FB53015814064,,25-08-2020
C01357,Joy,Emerson,6373245826,Garland,DPCLW0123U,15-07-1961,737106517789,Banker,reidmary@example.org,UXH6990411,W3461996,QT27089206576,FG-32-618-001-889/532,28-09-2018
C01358,Savannah,Knight,7653424383,Honolulu,WQVDO7604B,18-03-2002,329371938712,Physiological scientist,laura95@example.net,,V4233790,,,03-07-2018
C01359,Freya,Clark,7218983741,New York,AETVY5501K,11-08-1989,915584626508,Mudlogger,melissathompson@example.net,ATT8501173,,WG91654535228,,19-01-2021
C01360,Hayden,Wilcox,7736564613,Nashville,WLGLP2353E,02-03-1972,794304103160,Careers information officer,hoffmanjamie@example.net,UXY9162716,,,FP-40-515-119-767/779,03-03-2020
C01361,Denis,Mcleod,8388287161,Baltimore,HLHDX1346W,25-12-1945,315954281716,Psychiatrist,xclark@example.com,MRV6692184,E6110687,YV82437325955,,17-05-2019
C01362,Wade,Samuel,6751584159,Tokyo,JJGKY7551Q,04-09-1996,690165702466,"Programmer, multimedia",erose@example.net,,,QW60725764965,,10-09-2018
C01363,Mason,Varndell,7934444847,Oklahoma City,ILICO7407Z,09-12-1995,570045937188,Barrister,lauracrawford@example.org,IRW6117896,G9252130,,,09-03-2021
C01364,Doris,Murray,6878775251,Tallahassee,DEMPB0405K,03-04-1987,000612273110,Public house manager,pamelahowell@example.org,YAL5152841,,,,23-01-2020
C01365,Mason,Terry,6866587554,Philadelphia,DLVGA2129V,05-10-1988,235415169747,IT trainer,wendywalker@example.net,QBM0167548,E2913698,SN97272934010,,23-02-2020
C01366,Phillip,Scott,7644852251,Escondido,HOAXA1369H,25-07-1962,949648619570,Research scientist (physical sciences),rachel15@example.org,,Y2938137,LU00140196254,QS-34-021-563-017/795,27-06-2020
C01367,Allison,Morrison,6531769219,Garland,UWTOV2482M,08-04-1956,380832344152,Waste management officer,betty24@example.org,SCG6892182,M7362751,TH38310511110,,21-05-2018
C01368,Kate,Furnell,6573666526,Glendale,PWPUX1661I,15-05-1956,740222926232,Systems developer,jordan67@example.org,PUP9297025,,KL23087890022,,09-12-2020
C01369,Mark,Willis,6334644721,Sacramento,DLZBY1817E,13-03-1968,484791898221,"Designer, interior/spatial",sherylcooper@example.com,ZBR0381390,,LZ56785861838,,01-12-2019
C01370,Emery,Vangness,8377884864,Ontario,OLEHY8738C,04-07-1959,270188445194,Maintenance engineer,thomassparks@example.net,RVU6301385,B6101761,SH18005402681,LL-33-515-834-782/468,07-05-2018
C01371,Jack,Khan,8363622574,Lancaster,IFTDP6605H,21-10-1986,233001089736,Advertising account planner,jeremy66@example.net,,,,,30-05-2019
C01372,Elle,Weasley,8282275292,Denver,RDTTT8181N,14-06-1944,679149874580,"Surveyor, minerals",matthew84@example.com,,T1978428,DF04660789089,,05-08-2018
C01373,Danny,Gray,9116758248,Scottsdale,WCKZM3349T,22-09-1959,961627036253,Civil Service administrator,anthony85@example.net,,,KA49858487689,,03-06-2019
C01374,Doug,Potter,7634647281,Stockton,OLTOZ0309V,01-07-1982,445513673645,Geochemist,jamesbecker@example.net,,,,,02-02-2021
C01375,Marvin,Jeffery,8415627377,Nashville,PFZBE7313H,13-11-1964,089842048455,Equality and diversity officer,mary92@example.com,MVT8826068,,,QH-46-797-804-102/252,01-08-2020
C01376,Caleb,Tait,6445734655,Salt Lake City,YCAYB7326X,08-10-1948,210465786225,Automotive engineer,johnmontgomery@example.org,,,KC72443204596,,11-02-2020
C01377,Bryon,Ring,8764625479,Stockton,OSQVY8184R,25-05-1984,910162538121,"Scientist, forensic",lucasjohnson@example.org,,I6409507,,XX-07-159-301-675/865,01-06-2019
C01378,Jacob,Kent,8897638971,Albuquerque,DKFZJ7008S,28-02-1994,300053273650,Fish farm manager,vlewis@example.net,LJU8709647,K6025964,TW11056178825,GF-72-292-241-662/130,01-08-2018
C01379,Lynn,Yard,8326843668,Salt Lake City,QDQJQ4139I,17-11-1961,503505220890,Financial planner,latasha62@example.net,,,,,06-08-2018
C01380,Ronald,Murray,6825713685,Rochester,WLSXX5729F,27-08-1952,181801041071,Records manager,rachelschmidt@example.net,LTD6671375,,EI67539337728,KY-02-670-357-977/260,26-08-2019
C01381,Harvey,Cobb,7247482659,San Jose,OTUWE0891D,03-04-1984,658473941994,"Loss adjuster, chartered",gonzalezjesus@example.org,,,,BS-65-538-014-968/267,09-01-2021
C01382,Naomi,Pierce,9558447387,Cincinnati,IDGBT0907W,20-08-1977,005416456231,"Merchandiser, retail",shawn35@example.net,QGJ6719804,K7920219,KF93383681081,TT-78-843-351-786/651,27-10-2018
C01383,Hayden,Wills,8366637441,Lancaster,GQPOY9421P,01-07-1963,671107217516,Trading standards officer,tammy94@example.net,XJS4435442,X9440336,LF00039292173,KZ-93-884-287-269/353,30-03-2019
C01384,Helen,Calderwood,9395174518,Paris,ZWFPJ5021G,31-05-1956,821080429374,Training and development officer,jennifergreer@example.net,,,,DM-54-169-134-675/408,10-09-2020
C01385,Gina,Campbell,8297815215,Saint Paul,YAKNZ7597W,25-08-1989,996017821690,Animal technologist,holmesbryan@example.org,,K2779124,,,15-10-2018
C01386,Sabina,Ward,9439574277,Venice,EHTZX3573I,14-04-1954,894840178122,Government social research officer,craig32@example.com,,E4718001,SM65657172521,,22-10-2019
C01387,Javier,Smith,6544685188,Los Angeles,SGLXD9027C,19-10-1994,020920408763,Insurance broker,jeffery74@example.com,,,BJ45135502589,ZD-31-230-361-598/506,26-04-2018
C01388,Carmella,Sherry,7255341863,Boston,DRGXU6949V,12-09-1997,383885547931,"Investment banker, corporate",cchristensen@example.com,VZE3351541,W5853434,,EV-86-232-517-480/676,02-04-2019
C01389,Jack,Hamilton,8456438566,Berna,XOVHC4059E,05-06-1961,073117439448,Garment/textile technologist,ledonna@example.com,,O6724183,,HY-01-600-511-967/768,07-08-2018
C01390,Jazmin,Ebbs,9693877851,Honolulu,IYAPC0729B,23-05-1981,693508551700,Site engineer,andrewnguyen@example.org,LAA0129572,,,,08-09-2019
C01391,Penelope,Rogers,8166686144,Washington,QDPEV9756S,17-04-1957,724011023084,Dentist,curryjulie@example.net,,D8890779,,IH-92-821-790-822/159,03-01-2021
C01392,Marina,Marshall,9484164364,Chicago,FSCXR9937V,05-06-1980,044767574128,Bonds trader,annarios@example.org,,K8787872,UV54386036935,,24-05-2018
C01393,Ramon,Cowan,7956363235,Louisville,ULPSQ7832R,15-12-1956,224142898551,Education administrator,jeffreymoore@example.com,KZT1633706,,HR07669973729,ZL-82-637-963-473/323,09-02-2021
C01394,Joseph,Farmer,6383928238,Anaheim,IJTNV1498E,11-08-1961,064963025982,Mental health nurse,ellisbethany@example.net,,,,QC-03-414-579-228/365,24-01-2021
C01395,Gabriel,Jenkins,9813668473,Chicago,EOFLX7324P,10-05-1977,733128770789,Insurance claims handler,youngdave@example.net,YTU6234128,F9715727,,,12-03-2020
C01396,Penny,Dixon,6356262663,Philadelphia,ZLPUW0183B,22-05-1945,039786542645,Oceanographer,smithbrian@example.org,,T1772111,DY52476530518,GV-95-181-244-773/632,06-05-2019
C01397,Peyton,Locke,6688424652,Innsbruck,TBCRD2788S,28-03-1969,276755068568,Architectural technologist,patriciahurley@example.org,,,IR79160382104,UD-52-551-897-048/217,31-03-2018
C01398,Eryn,Sherry,8678974526,Amarillo,UDXLZ4665X,12-12-1998,277043298916,"Scientist, forensic",christopheralvarado@example.org,,B6044223,,AX-71-255-847-937/418,05-01-2020
C01399,Sonya,Vince,7745722473,Lincoln,KVYPL7249O,29-02-1956,040826740592,"Production assistant, radio",careysteven@example.net,VHY5544765,,HR27868727486,,25-03-2020
C01400,Martin,Utterson,7825147778,Tallahassee,ROQON9642Z,21-08-1996,326306445788,Medical technical officer,mayokatrina@example.com,XBD4543540,M3634559,,,10-03-2021
C01401,Adelaide,Buckley,6732129529,Hayward,HDUJJ7593X,11-06-1945,671030183165,Insurance underwriter,andersondana@example.com,AJC6311415,,,BG-06-845-269-117/321,09-03-2021
C01402,Dorothy,Turner,8615594558,Milwaukee,VHYPQ1880V,11-08-1965,011795116672,Psychiatrist,rebecca18@example.net,HTG4721341,M1723904,,,30-07-2018
C01403,Carina,Cooper,9483983123,Rome,IIRKV3449E,16-06-1945,093440656114,Farm manager,linda51@example.com,XFO5465746,T4422526,AP80141524623,JN-63-593-346-334/775,06-12-2020
C01404,Wendy,Connell,6474266886,Berlin,XMWFL6593M,15-01-2002,606932302973,Diagnostic radiographer,joshuasolomon@example.org,,N8480836,,EM-08-439-380-187/115,19-11-2019
C01405,Mya,Price,7523673924,Otawa,YGXNF5486O,18-11-1962,361724736421,Writer,robinsonalfred@example.net,CHN0692466,F5411391,,VB-46-951-934-258/987,14-06-2020
C01406,Daron,Addis,6733641374,Portland,GEART8461B,10-07-1946,102585064131,"Engineer, energy",burnsnoah@example.org,,,IU80445587851,JK-67-246-744-736/028,19-12-2020
C01407,Carmella,Gordon,7538546578,Bridgeport,MFAYC4376I,20-02-2005,647724305469,Barista,nhill@example.net,,,,,23-06-2018
C01408,Wendy,Hooper,7675644253,Albuquerque,AFVVB4818X,20-04-1980,641375082217,Actor,uscott@example.com,,E7904466,TG57972832377,,03-11-2018
C01409,Eduardo,Rowe,7665192927,Cincinnati,JUODE3536I,16-09-1968,676517050820,Chief Executive Officer,qlopez@example.org,,,,UY-57-611-681-684/692,16-04-2018
C01410,David,Salt,6436583361,Lisbon,HNHEP7258O,07-12-1961,816771573863,Museum/gallery exhibitions officer,jmartin@example.net,WLM5393108,,RK30052777717,DF-43-560-220-516/029,15-04-2019
C01411,Hayden,Thatcher,9636556923,Berlin,QAHKV8518I,07-05-1993,448104811192,Medical technical officer,michaelroberts@example.net,,,,,03-01-2021
C01412,Savannah,Baker,7487726555,Columbus,NZVGA6714L,16-12-1958,735024963914,"Engineer, automotive",kari46@example.com,,B8310035,VN80098150590,,01-07-2019
C01413,Havana,Ballard,9467262552,Lincoln,TFETY9958P,07-08-1949,371004863844,Chartered legal executive (England and Wales),ostrong@example.com,,,,GW-80-516-716-436/048,12-03-2018
C01414,Jaylene,Poulton,9863477333,Washington,FXWRN3856I,27-05-1952,245952971769,"Accountant, chartered public finance",carlajones@example.org,,,SY17192675904,EL-06-699-241-324/259,15-11-2019
C01415,Fred,Partridge,8169515383,Madrid,BTIUF1599W,04-03-1979,637409985491,"Scientist, audiological",terri92@example.net,YOD3068788,T0360126,,VI-67-544-299-400/111,05-01-2021
C01416,Julius,Uttridge,8659776485,Valetta,DFIOB2090U,08-10-1950,233388671494,"Engineer, maintenance",stuartbrennan@example.org,VPQ8548598,,,ZY-67-335-250-787/887,20-02-2019
C01417,Chadwick,Eaton,7242815367,San Jose,RLHMO3628U,23-04-1956,889058999466,Higher education lecturer,travis46@example.com,BQY0389683,,,IN-86-728-319-433/909,27-05-2018
C01418,Raquel,Huggins,6652852424,Fayetteville,WJBHM4101F,07-05-1945,940368019201,Housing manager/officer,marykramer@example.com,,N6984374,DV75819225188,DB-53-093-453-572/032,21-06-2020
C01419,Alison,Pond,6338582823,St. Louis,XNMUO5203W,25-10-1958,606177116427,Best boy,iellis@example.net,,J3652837,DS98921516887,,21-01-2019
C01420,Davina,Shelton,9554382675,Jersey City,XDHSH8515U,14-08-1942,664477025207,"Programmer, multimedia",christina36@example.net,,,,IV-36-265-043-033/911,19-08-2020
C01421,Wade,Clayton,9477227246,Hollywood,KBADN9097B,05-02-2001,380196707739,Solicitor,dodsongregory@example.org,BZM9339944,G7930912,RK33767916699,,30-04-2020
C01422,Mike,Newman,7223645324,Phoenix,UJHHJ6327A,07-08-1947,132471385926,Trading standards officer,colemanrichard@example.com,JPE7850934,,,GU-78-387-580-641/255,03-08-2018
C01423,Kaylee,Oatway,8426866812,Bakersfield,IFGGE2694R,31-10-1991,695363351626,Jewellery designer,carrolltheresa@example.org,,,EQ39613507397,,14-11-2019
C01424,Luke,Matthews,6945755745,Albuquerque,BVSIF8193P,08-05-1982,000468687635,IT technical support officer,portiz@example.net,GHY8348520,,LM61334919370,,30-03-2018
C01425,Isabel,Watson,9866768363,Indianapolis,RJVEM0628M,08-11-1981,513456758190,Mining engineer,nancybailey@example.com,LYF0817999,,GX62078269978,,26-08-2018
C01426,Bristol,Ebbs,7754492826,Quebec,SMZZJ2954L,31-12-1987,745776220296,Local government officer,evelynmartinez@example.com,,,TQ28876915093,,11-12-2019
C01427,Morgan,Vass,6731615947,Oklahoma City,MTRPI7381D,23-02-1943,333295056579,"Accountant, chartered public finance",greenbrian@example.org,BQO7468579,W5320938,SN35540754767,,29-03-2020
C01428,Kirsten,Reid,9658554866,Philadelphia,OHJBO6299Q,01-01-2003,846798273207,Heritage manager,johnathan36@example.net,,,,,01-03-2020
C01429,Barry,Middleton,8553497736,Bellevue,RDRHN1348F,16-02-1961,286340301159,Soil scientist,gbarnes@example.org,NRV6385618,,,EZ-42-889-171-761/333,31-03-2018
C01430,Benjamin,Blackburn,6236298213,Ontario,WFNZH3908B,20-06-1980,246703761666,"Solicitor, Scotland",qbyrd@example.org,,,,EP-53-484-704-316/092,14-10-2019
C01431,Ema,Lakey,9723135523,Saint Paul,HPJGI1506D,20-02-1983,739861232742,Medical laboratory scientific officer,lamberttyler@example.org,EHZ0123898,,SJ48473986216,,21-02-2019
C01432,Colleen,Overson,8675335768,Atlanta,YLAQN0149V,18-02-1971,876197523057,"Administrator, arts",shannonellis@example.com,MBE1735788,T4665661,NU33204362701,,11-02-2021
C01433,Christy,Herbert,8536384859,Lyon,IGAOG5698A,27-02-1977,383138772660,Public relations account executive,kristenmorgan@example.net,,,,BE-96-578-427-310/235,18-05-2020
C01434,Maribel,Sylvester,6815358595,San Bernardino,EWPGW0235I,17-09-1982,798396719153,Mining engineer,qfloyd@example.com,,,OQ13487204931,JE-81-308-858-241/967,02-05-2020
C01435,Jackeline,Bristow,7989523839,Washington,ZMZPT5251J,16-11-1950,295484247945,Product manager,johnanderson@example.com,VIV6260102,,EP89854918016,FP-84-651-086-520/008,14-02-2020
C01436,Rylee,Silva,8843541694,Lakewood,AQREL0598L,22-12-1981,019014172431,"Investment banker, operational",john62@example.org,AHV6203430,,,TW-75-147-992-691/547,19-08-2019
C01437,Zoe,Goodman,7667953848,Indianapolis,PNBID4728Z,23-09-1991,793086289526,Horticultural therapist,patricia24@example.net,UMQ9649410,,,LR-62-661-062-728/735,12-10-2018
C01438,Chris,Richards,9971162867,Tulsa,UWRYE8838W,04-03-1979,169723999421,"Teacher, early years/pre",chase91@example.com,,,,OU-31-942-284-247/623,03-04-2019
C01439,Eileen,Selby,9181822797,Cincinnati,AJCET2422T,11-07-1986,496395542425,"Engineer, manufacturing",patrick26@example.net,,N6299655,YQ81322845516,LX-31-341-423-805/356,05-11-2019
C01440,Liam,Bryson,8523232479,St. Louis,BMFMR2380A,12-05-1989,581261032023,Amenity horticulturist,philipbrown@example.com,ULF3731872,M6068038,,IL-68-771-947-631/444,23-03-2019
C01441,Goldie,Flack,7544642415,Amarillo,YLPUU8777E,10-12-1984,233389365762,Nutritional therapist,ericahahn@example.com,,,PK53973823662,,26-07-2019
C01442,Holly,Downing,7548693135,Bakersfield,ZNCTO9923B,14-10-1963,801273601788,Television/film/video producer,dawnmoore@example.net,QAQ4437763,,HC29495893440,,18-02-2019
C01443,Audrey,Hill,6743438768,Honolulu,UYOSY4982Q,14-06-2003,801862980506,"Therapist, art",chelseacole@example.net,RHV0252588,,,DA-57-951-485-292/680,15-11-2019
C01444,Cassandra,Bright,9497861353,Tulsa,NHKYV2327P,17-04-1980,661399035230,Civil Service fast streamer,ccook@example.com,,,FR38311614101,GA-05-283-533-188/156,22-05-2019
C01445,Abdul,Santos,9277963291,Portland,SHYYA3459K,12-01-1949,573296195919,Occupational therapist,rlong@example.com,GLE7078012,,,,15-05-2019
C01446,Kieth,Drew,7566264621,Huntsville,KLQCV1814R,26-11-1951,791992300356,Paramedic,dennisjohnson@example.org,,,,,17-01-2020
C01447,Christy,Egerton,8495455347,Amarillo,WYNWG0109D,11-04-1999,359672928054,Clinical cytogeneticist,david72@example.net,GIX0878617,,WH41981695030,,05-09-2019
C01448,Nancy,Whittle,8859118881,El Paso,MEMNM8403I,13-02-1958,488129772944,"Presenter, broadcasting",cheryl15@example.net,BWC6462849,,CE53915287139,,20-08-2019
C01449,Melody,Widdows,7887261888,Lyon,VELYB7169C,22-12-1942,695738554833,Musician,petersonlawrence@example.net,MWC9951559,N4057402,CZ94351429669,PQ-43-199-655-559/622,09-08-2020
C01450,Wade,Rodwell,8575656558,Portland,XKCNA2847U,02-12-1948,731809920353,"Engineer, water",mhughes@example.org,HHH1334579,,RP43575745126,,06-11-2020
C01451,Ciara,Oatway,8534275786,Lancaster,FSOGC8618Y,24-01-2000,011309068689,Financial trader,jose82@example.com,WXX7878367,R5485902,,,06-12-2019
C01452,Jacqueline,Mason,7857782741,Kansas City,PLLGZ6240H,02-10-1982,288359450923,Hotel manager,tjones@example.net,,,,,10-04-2018
C01453,Maxwell,Murray,8675457128,Baltimore,TIRSJ9155J,19-09-1959,687624627666,Product/process development scientist,samanthawilliams@example.com,,A8428692,NW96128340549,,17-04-2020
C01454,Aisha,Mooney,6478434173,Madrid,XUYSF5596S,04-06-1961,682082271805,Chartered public finance accountant,sullivankimberly@example.com,,,RC47282973864,,19-01-2021
C01455,Daphne,Dubois,6452261245,Laredo,KROXA6533W,02-04-1951,465220381178,Lawyer,ndavenport@example.net,MBF2711950,,,,26-08-2018
C01456,Colleen,Parr,9753888687,Worcester,MUWZD9053V,14-04-1981,002644629900,Sports therapist,morganjustin@example.net,,T3292111,,,26-02-2021
C01457,Caleb,Lynch,9623123768,Scottsdale,TGKUU4743S,25-12-1956,142000328422,Consulting civil engineer,ocarter@example.org,,W8989123,UC09762343322,NU-49-280-635-852/851,01-12-2020
C01458,Lucas,Weasley,9528682244,Orlando,SXRUV9958V,10-12-1955,843922071586,Information officer,youngchelsea@example.org,,,ZH45826181875,AT-19-638-294-384/635,28-06-2019
C01459,Barney,Bowen,9298448442,Escondido,BJELH9323S,01-09-1972,803853794601,Herbalist,kimberly46@example.org,,R4451098,,,15-02-2019
C01460,Eve,Rowe,6822478752,Anaheim,GTKER3556X,10-04-1951,422881152127,"Engineer, electronics",amandamcfarland@example.net,PHG2774899,,TG52970328699,JO-00-492-172-615/953,20-07-2020
C01461,Esmeralda,Antcliff,9847357798,Sacramento,BXRBW1835T,27-09-1942,752414477241,Clothing/textile technologist,harrismichael@example.com,,M6168417,,CH-38-687-635-862/520,16-05-2020
C01462,Claire,Kelly,8893661642,Valetta,HCXLS4448G,07-07-1972,801473474229,Rural practice surveyor,meganwalker@example.org,IUP8606078,,PO07787142920,FV-22-946-407-788/950,24-06-2019
C01463,Diane,Rigg,6635321483,New York,DJRJJ1865A,22-08-1946,931965170090,Geoscientist,langjacob@example.com,,I3369384,AO97260155600,WV-78-823-597-715/311,10-11-2018
C01464,Anthony,Gordon,8527769754,Wien,RHAMI3928F,11-12-1990,813465758441,Chief Technology Officer,srios@example.com,JSV2165568,,RG46259004971,SM-02-939-332-848/520,08-12-2018
C01465,Nicholas,Bright,6523668238,Tulsa,MOBZR3580T,03-12-1983,744683148249,Fine artist,francis22@example.org,,,XO78157293053,,14-01-2020
C01466,Marie,Swift,6678582564,Fort Lauderdale,MLIQB2000Q,26-04-1968,975275421661,Public affairs consultant,ymartin@example.net,DRA5278524,W3149132,,,12-05-2018
C01467,Ruth,Morris,8326585193,San Bernardino,XUZUH1865U,24-11-1985,256638947443,Multimedia programmer,millertiffany@example.net,OUF2643199,F2053830,RD19320845809,AV-64-617-903-873/868,02-08-2019
C01468,Francesca,Cattell,8325865648,Louisville,ULKJC4377C,08-11-1987,335846002001,Environmental consultant,obriensandra@example.com,,,OZ43137268633,XX-75-295-076-317/422,09-08-2020
C01469,Javier,Furnell,6758987777,Minneapolis,UEVSO1038N,01-02-1949,940579041973,Financial adviser,steven53@example.com,UZL1290889,,FT41253186376,,29-07-2019
C01470,Maribel,Atkinson,8574698294,Oakland,DDEDX6448E,28-04-1998,907612971669,Air traffic controller,wagnermicheal@example.com,,A6327695,,YR-78-964-074-111/283,10-02-2021
C01471,Angelina,Tutton,8882495865,Orlando,CCQKO1880D,20-03-1953,618881530731,Hotel manager,edwardyork@example.com,,,CE34019759712,,18-03-2019
C01472,Christy,Moore,8448385692,Pittsburgh,OHUTX3150D,14-12-1974,102305612964,"Research officer, government",thayes@example.net,ZRL0920275,,FE78712791020,,31-01-2021
C01473,Isla,Boden,6857563226,Jacksonville,YYNTF4889W,12-11-2002,177138585431,"Geologist, wellsite",phillipsimpson@example.com,RPX2791461,Y1423247,,,18-02-2021
C01474,Janice,Rees,9572734353,Hollywood,ACOCL1915I,27-10-2000,378982567882,Academic librarian,harperjesse@example.org,,,JN21202768305,TU-88-275-832-533/095,28-10-2018
C01475,Sasha,Widdows,9477896158,Minneapolis,TXCAG9194L,09-12-1967,929757023955,Metallurgist,salascolleen@example.com,,,,,23-10-2018
C01476,Henry,Ingram,6884867476,Memphis,YQYXV2992D,29-06-1962,847747185801,Hydrogeologist,jalvarado@example.org,FBG8339777,M9398903,SN85999629358,OF-65-997-789-990/233,27-09-2019
C01477,Jacob,Russell,6971246846,Tallahassee,COILP6065Z,27-07-1961,485773466894,Personal assistant,tuckerrobert@example.net,,,,,11-04-2019
C01478,Jamie,Bradshaw,7317413328,Chicago,JTOGY4435B,10-10-1956,939064530789,Mental health nurse,aprilmartinez@example.net,,M9851398,,,04-09-2018
C01479,Julian,Jarrett,7287275484,Fremont,VCQCY8873K,18-10-1958,484812398811,"Administrator, local government",arichardson@example.com,ASB5907829,,YX94678509643,,23-06-2018
C01480,Winnie,Blackwall,8951533924,Henderson,DIEFL6649X,14-04-1969,095841365410,Clinical molecular geneticist,jessicamunoz@example.net,,I1536921,,,27-04-2020
C01481,Elise,Price,6356459568,Honolulu,JQVHF1867R,06-06-2000,164026478813,Tax inspector,suzanneflores@example.net,,,KT77422510706,TH-98-508-788-954/211,18-09-2020
C01482,Clint,Brett,8338677636,Bucharest,EAQWF4617C,13-02-1958,462998158397,"Lecturer, higher education",mejiajames@example.net,,,AH94779815353,,25-02-2019
C01483,Hank,Wild,9962664174,Zurich,YQNKA7880O,16-04-1999,880569420733,Control and instrumentation engineer,christophernorris@example.net,AIK6325609,Q7266463,HF48200016188,XF-04-979-627-411/614,19-05-2018
C01484,Nicholas,Richards,6578484278,Murfreesboro,DXDRE3149Y,01-03-1949,257799045184,Chief Operating Officer,jfreeman@example.net,CDR7130893,B3542420,QW65261934658,SG-90-437-068-729/394,17-10-2019
C01485,Esmeralda,Martin,7885353389,Innsbruck,QNIGB6825L,16-02-1979,820227524436,IT technical support officer,luisdavis@example.net,,V3714448,IB06513800937,MC-89-689-544-078/161,01-07-2018
C01486,Mandy,Mann,7863336258,Santa Ana,RBGQY0396H,13-07-1988,219391893444,Bookseller,rileyjacob@example.net,GSR3217299,F9943046,,,24-06-2018
C01487,Madison,Farrow,9486835443,Bridgeport,DPDZH8788B,31-05-1963,478654746417,Insurance account manager,bjohnson@example.com,ZHE2827396,W1831749,ZK51325663674,,03-05-2018
C01488,Rick,Douglas,7919826219,Houston,BGWBG6850O,29-05-1964,819809575047,"Surveyor, commercial/residential",wrightbrian@example.com,OUO1249482,S7363851,QE06315303601,OT-36-042-208-780/702,19-06-2020
C01489,Harvey,Fox,9663235548,Detroit,AIROU7850L,06-11-1946,490316571015,Professor Emeritus,jacqueline37@example.org,,,,UL-49-423-051-239/464,01-12-2019
C01490,Iris,Glass,8249366665,Prague,IPLWI0449M,09-03-1948,494425899256,Professor Emeritus,khorn@example.net,,I0992668,,,14-10-2020
C01491,Andrea,Thornton,6172166998,Saint Paul,NXTQM5676B,17-10-1982,422064184559,Make,laurenkey@example.net,,,EH65303879075,,22-06-2019
C01492,David,Ingram,7381218183,Zurich,CNZGT8611N,10-10-1948,824242543063,Investment analyst,monica85@example.net,,Y3069547,BL12973205223,,14-11-2020
C01493,Hazel,Hunter,6297112255,Indianapolis,LOBDU9460Y,13-10-1981,927203462494,Energy engineer,bcraig@example.net,,,,PT-73-556-080-581/593,27-01-2021
C01494,Adela,Seymour,7831822642,Hayward,PQBOY5175F,12-10-1945,599804890764,Recycling officer,yortiz@example.net,,,BG97300414553,,10-08-2018
C01495,Kurt,Atkinson,7735767125,Berna,HZEXK4600R,30-03-1976,111434902374,Textile designer,brandon48@example.org,SXQ3223528,H6556295,GI74805287117,,01-12-2020
C01496,Domenic,Olivier,9273171758,St. Louis,FJKAL2522J,17-05-1995,320083100146,"Surveyor, insurance",gordonray@example.org,,,IV88589020266,OF-84-413-353-695/806,22-03-2020
C01497,Margot,Baker,6871353453,Glendale,VFAJU7642M,28-10-1956,382378930290,"Surveyor, quantity",powersbrandon@example.org,,,WI73313652892,UI-13-989-358-231/940,16-09-2019
C01498,Bob,Hastings,8844774484,Hollywood,MEHSV4270Z,21-12-2002,820647282459,Mining engineer,crawfordsarah@example.org,JDB8959651,J1475462,BA51134492494,,23-04-2018
